# two-coast protection landscape, recomputed from below by simulations/two_coast_sweep.py
# N=4 gamma=0.05 sigma=0.2 Z-dephasing on every site, no bond terms
# field:       H(theta) = sum_l (cos theta X_l + sin theta Z_l)
# frustration: H(phi) = sum_w (cos phi XIX + sin phi XXX + XXY + YXX), 3-site windows
# pairing_true = optimal (bottleneck) worst-partner distance for lambda -> -lambda-2sigma
# rate_error / freq_error = the same test on the real / imaginary parts alone
# verdict = the C# classifier's (greedy metric, threshold 1e-6), carried over from simulations/results/tilt_sweep_csharp.tsv
# angle_deg is that file's grid, rounded to 4 decimals; nine small angles are a radian
#   ladder (1e-4 to 5e-2 rad) and were evaluated at their exact value, not the rounded one
# the two angle-0 rows are the protected point: every column there is eigensolver noise
edge	angle_deg	verdict	pairing_true	rate_error	freq_error
field	0.0000	Truly	1.954631E-14	4.107825E-15	1.953993E-14
field	0.0057	Soft	4.000000E-09	3.999999E-09	3.552714E-14
field	0.0115	Soft	1.600000E-08	1.600000E-08	3.641532E-14
field	0.0286	Soft	9.999999E-08	9.999999E-08	2.664535E-14
field	0.0573	Soft	3.999999E-07	3.999999E-07	1.909584E-14
field	0.1146	Hard	1.599998E-06	1.599998E-06	1.421085E-14
field	0.2865	Hard	9.999917E-06	9.999917E-06	2.309264E-14
field	0.5000	Hard	3.046097E-05	3.046097E-05	2.842171E-14
field	0.5730	Hard	3.999868E-05	3.999868E-05	5.062617E-14
field	1.0000	Hard	1.218347E-04	1.218347E-04	2.309264E-14
field	1.1459	Hard	1.599788E-04	1.599788E-04	2.708944E-14
field	1.5000	Hard	2.740935E-04	2.740935E-04	2.042810E-14
field	2.0000	Hard	4.871914E-04	4.871914E-04	3.286260E-14
field	2.5000	Hard	7.610640E-04	7.610640E-04	2.575717E-14
field	2.8648	Hard	9.991732E-04	9.991732E-04	3.019807E-14
field	3.0000	Hard	1.095628E-03	1.095628E-03	2.486900E-14
field	3.5000	Hard	1.490784E-03	1.490784E-03	3.463896E-14
field	4.0000	Hard	1.946410E-03	1.946410E-03	5.151435E-14
field	4.5000	Hard	2.462370E-03	2.462370E-03	2.486900E-14
field	5.0000	Hard	3.038507E-03	3.038507E-03	4.973799E-14
field	5.5000	Hard	3.674647E-03	3.674647E-03	2.753353E-14
field	6.0000	Hard	4.370598E-03	4.370598E-03	1.865175E-14
field	6.5000	Hard	5.126149E-03	5.126149E-03	2.575717E-14
field	7.0000	Hard	5.941072E-03	5.941072E-03	2.664535E-14
field	7.5000	Hard	6.815120E-03	6.815120E-03	1.176836E-14
field	8.0000	Hard	7.748029E-03	7.748029E-03	3.108624E-14
field	8.5000	Hard	8.739516E-03	8.739516E-03	3.907985E-14
field	9.0000	Hard	9.789281E-03	9.789281E-03	2.353673E-14
field	9.5000	Hard	1.089701E-02	1.089701E-02	2.664535E-14
field	10.0000	Hard	1.206236E-02	1.206236E-02	3.019807E-14
field	10.5000	Hard	1.328498E-02	1.328498E-02	2.930989E-14
field	11.0000	Hard	1.456451E-02	1.456451E-02	3.375078E-14
field	11.5000	Hard	1.590055E-02	1.590055E-02	1.953993E-14
field	12.0000	Hard	1.729270E-02	1.729270E-02	1.421085E-14
field	12.5000	Hard	1.874053E-02	1.874053E-02	4.263256E-14
field	13.0000	Hard	2.024362E-02	2.024362E-02	2.930989E-14
field	13.5000	Hard	2.180150E-02	2.180150E-02	2.309264E-14
field	14.0000	Hard	2.341371E-02	2.341371E-02	2.042810E-14
field	14.5000	Hard	2.507974E-02	2.507974E-02	2.575717E-14
field	15.0000	Hard	2.679911E-02	2.679911E-02	3.730349E-14
field	15.5000	Hard	2.857128E-02	2.857128E-02	2.309264E-14
field	16.0000	Hard	3.039572E-02	3.039572E-02	2.220446E-14
field	16.5000	Hard	3.227187E-02	3.227187E-02	2.930989E-14
field	17.0000	Hard	3.419917E-02	3.419917E-02	4.529710E-14
field	17.5000	Hard	3.617703E-02	3.617703E-02	5.684342E-14
field	18.0000	Hard	3.820485E-02	3.820485E-02	1.421085E-14
field	18.5000	Hard	4.028202E-02	4.028202E-02	1.154632E-14
field	19.0000	Hard	4.240790E-02	4.240790E-02	3.552714E-14
field	19.5000	Hard	4.458185E-02	4.458185E-02	1.376677E-14
field	20.0000	Hard	4.680320E-02	4.680320E-02	1.687539E-14
field	20.5000	Hard	4.907129E-02	4.907129E-02	2.930989E-14
field	21.0000	Hard	5.138542E-02	5.138542E-02	2.664535E-14
field	21.5000	Hard	5.374489E-02	5.374489E-02	1.332268E-14
field	22.0000	Hard	5.614898E-02	5.614898E-02	2.842171E-14
field	22.5000	Hard	5.859696E-02	5.859696E-02	2.842171E-14
field	23.0000	Hard	6.108809E-02	6.108809E-02	3.819167E-14
field	23.5000	Hard	6.362160E-02	6.362160E-02	2.042810E-14
field	24.0000	Hard	6.619673E-02	6.619673E-02	1.421085E-14
field	24.5000	Hard	6.881270E-02	6.881270E-02	1.243450E-14
field	25.0000	Hard	7.146870E-02	7.146870E-02	1.243450E-14
field	25.5000	Hard	7.416392E-02	7.416392E-02	1.643130E-14
field	26.0000	Hard	7.689756E-02	7.689756E-02	1.598721E-14
field	26.5000	Hard	7.966876E-02	7.966876E-02	2.930989E-14
field	27.0000	Hard	8.247670E-02	8.247670E-02	2.398082E-14
field	27.5000	Hard	8.532051E-02	8.532051E-02	3.463896E-14
field	28.0000	Hard	8.819932E-02	8.819932E-02	2.398082E-14
field	28.5000	Hard	9.111226E-02	9.111226E-02	2.220446E-14
field	29.0000	Hard	9.405844E-02	9.405844E-02	2.930989E-14
field	29.5000	Hard	9.703696E-02	9.703696E-02	3.819167E-14
field	30.0000	Hard	1.000469E-01	1.000469E-01	2.042810E-14
field	30.5000	Hard	1.030874E-01	1.030874E-01	3.730349E-14
field	31.0000	Hard	1.061574E-01	1.061574E-01	2.842171E-14
field	31.5000	Hard	1.092561E-01	1.092561E-01	1.421085E-14
field	32.0000	Hard	1.123825E-01	1.123825E-01	1.509903E-14
field	32.5000	Hard	1.155357E-01	1.155357E-01	1.110223E-14
field	33.0000	Hard	1.187146E-01	1.187146E-01	4.352074E-14
field	33.5000	Hard	1.219184E-01	1.219184E-01	1.953993E-14
field	34.0000	Hard	1.251459E-01	1.251459E-01	1.421085E-14
field	34.5000	Hard	1.283964E-01	1.283964E-01	2.220446E-14
field	35.0000	Hard	1.316687E-01	1.316687E-01	1.865175E-14
field	35.5000	Hard	1.349618E-01	1.325191E-01	1.421085E-14
field	36.0000	Hard	1.382748E-01	1.308626E-01	2.309264E-14
field	36.5000	Hard	1.416066E-01	1.291967E-01	3.730349E-14
field	37.0000	Hard	1.449563E-01	1.275219E-01	3.819167E-14
field	37.5000	Hard	1.483227E-01	1.258386E-01	3.375078E-14
field	38.0000	Hard	1.517049E-01	1.241475E-01	1.953993E-14
field	38.5000	Hard	1.551018E-01	1.224491E-01	2.309264E-14
field	39.0000	Hard	1.585125E-01	1.207438E-01	2.531308E-14
field	39.5000	Hard	1.619357E-01	1.190321E-01	4.618528E-14
field	40.0000	Hard	1.653706E-01	1.173147E-01	2.486900E-14
field	40.5000	Hard	1.688161E-01	1.155920E-01	1.909584E-14
field	41.0000	Hard	1.722710E-01	1.138645E-01	2.930989E-14
field	41.5000	Hard	1.757343E-01	1.121328E-01	1.332268E-14
field	42.0000	Hard	1.792051E-01	1.103975E-01	1.776357E-14
field	42.5000	Hard	1.826822E-01	1.086589E-01	3.197442E-14
field	43.0000	Hard	1.861645E-01	1.069177E-01	2.664535E-14
field	43.5000	Hard	1.896510E-01	1.051745E-01	3.463896E-14
field	44.0000	Hard	1.931407E-01	1.034297E-01	1.953993E-14
field	44.5000	Hard	1.966324E-01	1.016838E-01	2.486900E-14
field	45.0000	Hard	2.001251E-01	9.993746E-02	2.042810E-14
field	45.5000	Hard	2.036177E-01	9.819115E-02	2.664535E-14
field	46.0000	Hard	2.071092E-01	9.644541E-02	2.042810E-14
field	46.5000	Hard	2.105984E-01	9.470078E-02	2.131628E-14
field	47.0000	Hard	2.140844E-01	9.295778E-02	2.220446E-14
field	47.5000	Hard	2.175661E-01	9.121696E-02	2.398082E-14
field	48.0000	Hard	2.210423E-01	8.947884E-02	1.598721E-14
field	48.5000	Hard	2.245121E-01	8.774396E-02	1.687539E-14
field	49.0000	Hard	2.279743E-01	8.601284E-02	2.930989E-14
field	49.5000	Hard	2.314280E-01	8.428602E-02	1.243450E-14
field	50.0000	Hard	2.348720E-01	8.256402E-02	4.085621E-14
field	50.5000	Hard	2.383053E-01	8.084736E-02	2.309264E-14
field	51.0000	Hard	2.417268E-01	7.913658E-02	2.486900E-14
field	51.5000	Hard	2.451356E-01	7.743219E-02	2.398082E-14
field	52.0000	Hard	2.485306E-01	7.573472E-02	2.131628E-14
field	52.5000	Hard	2.519106E-01	7.404468E-02	1.953993E-14
field	53.0000	Hard	2.552748E-01	7.236258E-02	2.486900E-14
field	53.5000	Hard	2.586221E-01	7.068895E-02	1.065814E-14
field	54.0000	Hard	2.619514E-01	6.902430E-02	6.572520E-14
field	54.5000	Hard	2.652618E-01	6.736912E-02	1.643130E-14
field	55.0000	Hard	2.685522E-01	6.572392E-02	3.819167E-14
field	55.5000	Hard	2.718216E-01	6.408922E-02	1.509903E-14
field	56.0000	Hard	2.750690E-01	6.246549E-02	2.264855E-14
field	56.5000	Hard	2.782935E-01	6.085325E-02	2.131628E-14
field	57.0000	Hard	2.814941E-01	5.925297E-02	2.042810E-14
field	57.5000	Hard	2.846697E-01	5.766516E-02	1.865175E-14
field	58.0000	Hard	2.878194E-01	5.609028E-02	1.820766E-14
field	58.5000	Hard	2.909423E-01	5.452883E-02	1.776357E-14
field	59.0000	Hard	2.940375E-01	5.298127E-02	1.598721E-14
field	59.5000	Hard	2.971038E-01	5.144808E-02	4.529710E-14
field	60.0000	Hard	3.001406E-01	4.992972E-02	3.463896E-14
field	60.5000	Hard	3.031467E-01	4.842666E-02	2.131628E-14
field	61.0000	Hard	3.061213E-01	4.693934E-02	9.769963E-15
field	61.5000	Hard	3.090635E-01	4.546823E-02	3.463896E-14
field	62.0000	Hard	3.119724E-01	4.401378E-02	1.598721E-14
field	62.5000	Hard	3.148472E-01	4.257641E-02	2.131628E-14
field	63.0000	Hard	3.176869E-01	4.115657E-02	1.598721E-14
field	63.5000	Hard	3.204906E-01	3.975469E-02	2.131628E-14
field	64.0000	Hard	3.232576E-01	3.837120E-02	2.486900E-14
field	64.5000	Hard	3.259870E-01	3.700651E-02	5.240253E-14
field	65.0000	Hard	3.286779E-01	3.566104E-02	2.442491E-14
field	65.5000	Hard	3.313296E-01	3.433520E-02	1.865175E-14
field	66.0000	Hard	3.339412E-01	3.302939E-02	3.730349E-14
field	66.5000	Hard	3.365120E-01	3.174400E-02	2.930989E-14
field	67.0000	Hard	3.390412E-01	3.047942E-02	1.332268E-14
field	67.5000	Hard	3.415279E-01	2.923604E-02	1.776357E-14
field	68.0000	Hard	3.439715E-01	2.801423E-02	2.664535E-14
field	68.5000	Hard	3.463713E-01	2.681436E-02	2.664535E-14
field	69.0000	Hard	3.487264E-01	2.563680E-02	3.197442E-14
field	69.5000	Hard	3.510362E-01	2.448190E-02	3.108624E-14
field	70.0000	Hard	3.533000E-01	2.335002E-02	1.731948E-14
field	70.5000	Hard	3.555170E-01	2.224148E-02	1.598721E-14
field	71.0000	Hard	3.576867E-01	2.115663E-02	6.217249E-14
field	71.5000	Hard	3.598084E-01	2.009580E-02	1.509903E-14
field	72.0000	Hard	3.618814E-01	1.905930E-02	1.598721E-14
field	72.5000	Hard	3.639051E-01	1.804745E-02	2.486900E-14
field	73.0000	Hard	3.658789E-01	1.706056E-02	2.753353E-14
field	73.5000	Hard	3.678022E-01	1.609891E-02	8.704149E-14
field	74.0000	Hard	3.696744E-01	1.516281E-02	2.131628E-14
field	74.5000	Hard	3.714949E-01	1.425254E-02	2.309264E-14
field	75.0000	Hard	3.732633E-01	1.336836E-02	1.865175E-14
field	75.5000	Hard	3.749789E-01	1.251054E-02	2.131628E-14
field	76.0000	Hard	3.766413E-01	1.167935E-02	2.176037E-14
field	76.5000	Hard	3.782499E-01	1.087504E-02	3.286260E-14
field	77.0000	Hard	3.798043E-01	1.009784E-02	1.598721E-14
field	77.5000	Hard	3.813040E-01	9.347985E-03	2.309264E-14
field	78.0000	Hard	3.827486E-01	8.625710E-03	1.509903E-14
field	78.5000	Hard	3.841375E-01	7.931228E-03	1.598721E-14
field	79.0000	Hard	3.854705E-01	7.264748E-03	4.352074E-14
field	79.5000	Hard	3.867471E-01	6.626471E-03	2.753353E-14
field	80.0000	Hard	3.879668E-01	6.016588E-03	3.463896E-14
field	80.5000	Hard	3.891294E-01	5.435283E-03	3.019807E-14
field	81.0000	Hard	3.902345E-01	4.882730E-03	1.687539E-14
field	81.5000	Hard	3.912818E-01	4.359097E-03	2.309264E-14
field	82.0000	Hard	3.922709E-01	3.864539E-03	1.776357E-14
field	82.5000	Hard	3.932016E-01	3.399206E-03	2.842171E-14
field	83.0000	Hard	3.940735E-01	2.963237E-03	4.440892E-14
field	83.5000	Hard	3.948865E-01	2.556764E-03	3.375078E-14
field	84.0000	Hard	3.956402E-01	2.179908E-03	2.398082E-14
field	84.5000	Hard	3.963344E-01	1.832783E-03	3.730349E-14
field	85.0000	Hard	3.969690E-01	1.515493E-03	2.575717E-14
field	85.5000	Hard	3.975437E-01	1.228133E-03	1.865175E-14
field	86.0000	Hard	3.980584E-01	9.707897E-04	3.463896E-14
field	86.5000	Hard	3.985129E-01	7.435398E-04	3.819167E-14
field	87.0000	Hard	3.989071E-01	5.464518E-04	2.842171E-14
field	87.5000	Hard	3.992408E-01	3.795848E-04	2.309264E-14
field	88.0000	Hard	3.995140E-01	2.429890E-04	4.263256E-14
field	88.5000	Hard	3.997266E-01	1.367052E-04	1.776357E-14
field	89.0000	Hard	3.998785E-01	6.076548E-05	1.154632E-14
field	89.5000	Hard	3.999696E-01	1.519251E-05	4.174439E-14
field	90.0000	Hard	4.000000E-01	5.055418E-15	1.865175E-14
frustration	0.0000	Soft	5.418298E-14	5.911938E-15	5.417888E-14
frustration	0.0057	Hard	3.097521E-05	2.020188E-07	6.128431E-14
frustration	0.0115	Hard	5.937543E-05	8.083774E-07	6.039613E-14
frustration	0.0286	Hard	7.593796E-05	5.065712E-06	5.506706E-14
frustration	0.0573	Hard	8.109959E-05	2.046170E-05	4.263256E-14
frustration	0.1146	Hard	2.374265E-04	8.267733E-05	4.218847E-14
frustration	0.2865	Hard	1.750050E-03	9.577652E-04	7.638334E-14
frustration	0.5000	Hard	2.133489E-03	1.557471E-03	4.884981E-14
frustration	0.5730	Hard	1.955666E-03	1.082286E-03	3.375078E-14
frustration	1.0000	Hard	3.072507E-03	1.326767E-03	5.062617E-14
frustration	1.1459	Hard	3.897764E-03	2.320289E-03	5.506706E-14
frustration	1.5000	Hard	5.589252E-03	4.581190E-03	5.240253E-14
frustration	2.0000	Hard	6.738826E-03	4.480094E-03	4.884981E-14
frustration	2.5000	Hard	7.485209E-03	4.604365E-03	4.085621E-14
frustration	2.8648	Hard	7.542123E-03	3.505631E-03	4.884981E-14
frustration	3.0000	Hard	7.504192E-03	4.809665E-03	5.506706E-14
frustration	3.5000	Hard	7.187696E-03	5.929495E-03	7.904788E-14
frustration	4.0000	Hard	6.663365E-03	6.103899E-03	1.225686E-13
frustration	4.5000	Hard	7.291342E-03	7.291342E-03	5.950795E-14
frustration	5.0000	Hard	8.465521E-03	8.465521E-03	4.174439E-14
frustration	5.5000	Hard	9.607537E-03	9.607537E-03	5.240253E-14
frustration	6.0000	Hard	1.070503E-02	1.070503E-02	3.952394E-14
frustration	6.5000	Hard	1.175119E-02	1.175119E-02	5.240253E-14
frustration	7.0000	Hard	1.274354E-02	1.274354E-02	6.572520E-14
frustration	7.5000	Hard	1.368263E-02	1.368263E-02	5.595524E-14
frustration	8.0000	Hard	1.457100E-02	1.457100E-02	5.861978E-14
frustration	8.5000	Hard	1.541232E-02	1.541232E-02	6.483702E-14
frustration	9.0000	Hard	1.621076E-02	1.621076E-02	5.506706E-14
frustration	9.5000	Hard	1.697057E-02	1.697057E-02	4.973799E-14
frustration	10.0000	Hard	1.769584E-02	1.769584E-02	6.572520E-14
frustration	10.5000	Hard	1.839035E-02	1.839035E-02	4.574119E-14
frustration	11.0000	Hard	1.905746E-02	1.905746E-02	3.730349E-14
frustration	11.5000	Hard	1.970010E-02	1.970010E-02	7.904788E-14
frustration	12.0000	Hard	2.032079E-02	2.032079E-02	4.707346E-14
frustration	12.5000	Hard	2.092163E-02	2.092163E-02	5.506706E-14
frustration	13.0000	Hard	2.150437E-02	2.150437E-02	6.039613E-14
frustration	13.5000	Hard	2.207045E-02	2.207045E-02	3.641532E-14
frustration	14.0000	Hard	2.262100E-02	2.262100E-02	6.661338E-14
frustration	14.5000	Hard	2.315696E-02	2.315696E-02	3.641532E-14
frustration	15.0000	Hard	2.367906E-02	2.367906E-02	5.151435E-14
frustration	15.5000	Hard	2.418788E-02	2.418788E-02	6.394885E-14
frustration	16.0000	Hard	2.468390E-02	2.468390E-02	7.638334E-14
frustration	16.5000	Hard	2.516747E-02	2.516747E-02	6.039613E-14
frustration	17.0000	Hard	2.563892E-02	2.563892E-02	5.062617E-14
frustration	17.5000	Hard	2.609848E-02	2.609848E-02	4.618528E-14
frustration	18.0000	Hard	2.654638E-02	2.654638E-02	7.549517E-14
frustration	18.5000	Hard	2.698279E-02	2.698279E-02	1.296740E-13
frustration	19.0000	Hard	2.740786E-02	2.740786E-02	4.085621E-14
frustration	19.5000	Hard	2.782171E-02	2.782171E-02	7.993606E-14
frustration	20.0000	Hard	2.822446E-02	2.822446E-02	4.707346E-14
frustration	20.5000	Hard	2.861619E-02	2.861619E-02	5.506706E-14
frustration	21.0000	Hard	2.899698E-02	2.899698E-02	5.329071E-14
frustration	21.5000	Hard	2.936687E-02	2.936687E-02	6.661338E-14
frustration	22.0000	Hard	2.972590E-02	2.972590E-02	5.506706E-14
frustration	22.5000	Hard	3.007409E-02	3.007409E-02	4.973799E-14
frustration	23.0000	Hard	3.041146E-02	3.041146E-02	8.171241E-14
frustration	23.5000	Hard	3.073798E-02	3.073798E-02	6.572520E-14
frustration	24.0000	Hard	3.105365E-02	3.105365E-02	5.684342E-14
frustration	24.5000	Hard	3.135842E-02	3.135842E-02	4.263256E-14
frustration	25.0000	Hard	3.165225E-02	3.165225E-02	6.128431E-14
frustration	25.5000	Hard	3.193510E-02	3.193510E-02	4.085621E-14
frustration	26.0000	Hard	3.220691E-02	3.220691E-02	4.529710E-14
frustration	26.5000	Hard	3.246762E-02	3.246762E-02	5.151435E-14
frustration	27.0000	Hard	3.271716E-02	3.271716E-02	6.661338E-14
frustration	27.5000	Hard	3.295547E-02	3.295547E-02	5.950795E-14
frustration	28.0000	Hard	3.318248E-02	3.318248E-02	8.260059E-14
frustration	28.5000	Hard	3.339814E-02	3.339814E-02	3.330669E-14
frustration	29.0000	Hard	3.360238E-02	3.360238E-02	5.329071E-14
frustration	29.5000	Hard	3.379516E-02	3.379516E-02	7.815970E-14
frustration	30.0000	Hard	3.397643E-02	3.397643E-02	6.572520E-14
frustration	30.5000	Hard	3.414616E-02	3.414616E-02	4.440892E-14
frustration	31.0000	Hard	3.430432E-02	3.430432E-02	6.128431E-14
frustration	31.5000	Hard	3.445091E-02	3.445091E-02	5.950795E-14
frustration	32.0000	Hard	3.458594E-02	3.458594E-02	5.950795E-14
frustration	32.5000	Hard	3.470941E-02	3.470941E-02	3.819167E-14
frustration	33.0000	Hard	3.482137E-02	3.482137E-02	6.128431E-14
frustration	33.5000	Hard	3.492187E-02	3.492187E-02	4.263256E-14
frustration	34.0000	Hard	3.501098E-02	3.501098E-02	5.329071E-14
frustration	34.5000	Hard	3.508879E-02	3.508879E-02	6.572520E-14
frustration	35.0000	Hard	3.515540E-02	3.515540E-02	5.595524E-14
frustration	35.5000	Hard	3.521095E-02	3.521095E-02	3.019807E-14
frustration	36.0000	Hard	3.525557E-02	3.525557E-02	8.348877E-14
frustration	36.5000	Hard	3.528945E-02	3.528945E-02	4.973799E-14
frustration	37.0000	Hard	3.531275E-02	3.531275E-02	3.819167E-14
frustration	37.5000	Hard	3.532570E-02	3.532570E-02	3.952394E-14
frustration	38.0000	Hard	3.532852E-02	3.532852E-02	4.085621E-14
frustration	38.5000	Hard	3.532145E-02	3.532145E-02	9.769963E-14
frustration	39.0000	Hard	3.530475E-02	3.530475E-02	5.950795E-14
frustration	39.5000	Hard	3.527870E-02	3.527870E-02	6.128431E-14
frustration	40.0000	Hard	3.524361E-02	3.524361E-02	8.082424E-14
frustration	40.5000	Hard	3.519978E-02	3.519978E-02	6.039613E-14
frustration	41.0000	Hard	3.514754E-02	3.514754E-02	5.506706E-14
frustration	41.5000	Hard	3.508722E-02	3.508722E-02	6.572520E-14
frustration	42.0000	Hard	3.501918E-02	3.501918E-02	4.263256E-14
frustration	42.5000	Hard	3.494377E-02	3.494377E-02	5.950795E-14
frustration	43.0000	Hard	3.486136E-02	3.486136E-02	5.506706E-14
frustration	43.5000	Hard	3.477233E-02	3.477233E-02	6.750156E-14
frustration	44.0000	Hard	3.467706E-02	3.467706E-02	6.750156E-14
frustration	44.5000	Hard	3.457591E-02	3.457591E-02	7.993606E-14
frustration	45.0000	Hard	3.446928E-02	3.446928E-02	4.085621E-14
frustration	45.5000	Hard	3.435754E-02	3.435754E-02	5.773160E-14
frustration	46.0000	Hard	3.424107E-02	3.424107E-02	8.526513E-14
frustration	46.5000	Hard	3.412023E-02	3.412023E-02	5.506706E-14
frustration	47.0000	Hard	3.399539E-02	3.399539E-02	4.618528E-14
frustration	47.5000	Hard	3.386689E-02	3.386689E-02	5.551115E-14
frustration	48.0000	Hard	3.373507E-02	3.373507E-02	2.930989E-14
frustration	48.5000	Hard	3.360025E-02	3.360025E-02	6.750156E-14
frustration	49.0000	Hard	3.346274E-02	3.346274E-02	4.440892E-14
frustration	49.5000	Hard	3.332283E-02	3.332283E-02	7.904788E-14
frustration	50.0000	Hard	3.318077E-02	3.318077E-02	7.283063E-14
frustration	50.5000	Hard	3.303681E-02	3.303681E-02	6.927792E-14
frustration	51.0000	Hard	3.289116E-02	3.289116E-02	3.641532E-14
frustration	51.5000	Hard	3.274401E-02	3.274401E-02	6.128431E-14
frustration	52.0000	Hard	3.259552E-02	3.259552E-02	5.062617E-14
frustration	52.5000	Hard	3.244582E-02	3.244582E-02	5.595524E-14
frustration	53.0000	Hard	3.229500E-02	3.229500E-02	7.194245E-14
frustration	53.5000	Hard	3.214311E-02	3.214311E-02	7.016610E-14
frustration	54.0000	Hard	3.199020E-02	3.199020E-02	6.394885E-14
frustration	54.5000	Hard	3.183624E-02	3.183624E-02	8.171241E-14
frustration	55.0000	Hard	3.168118E-02	3.168118E-02	6.661338E-14
frustration	55.5000	Hard	3.152495E-02	3.152495E-02	4.263256E-14
frustration	56.0000	Hard	3.136739E-02	3.136739E-02	5.861978E-14
frustration	56.5000	Hard	3.120836E-02	3.120836E-02	3.197442E-14
frustration	57.0000	Hard	3.104763E-02	3.104763E-02	4.174439E-14
frustration	57.5000	Hard	3.088495E-02	3.088495E-02	6.927792E-14
frustration	58.0000	Hard	3.072003E-02	3.072003E-02	4.174439E-14
frustration	58.5000	Hard	3.055253E-02	3.055253E-02	6.306067E-14
frustration	59.0000	Hard	3.038206E-02	3.038206E-02	7.016610E-14
frustration	59.5000	Hard	3.020821E-02	3.020821E-02	5.506706E-14
frustration	60.0000	Hard	3.003051E-02	3.003051E-02	6.838974E-14
frustration	60.5000	Hard	2.984845E-02	2.984845E-02	6.927792E-14
frustration	61.0000	Hard	2.966149E-02	2.966149E-02	6.750156E-14
frustration	61.5000	Hard	2.946904E-02	2.946904E-02	3.819167E-14
frustration	62.0000	Hard	2.927049E-02	2.927049E-02	3.996803E-14
frustration	62.5000	Hard	2.906517E-02	2.906517E-02	3.286260E-14
frustration	63.0000	Hard	2.885240E-02	2.885240E-02	4.529710E-14
frustration	63.5000	Hard	2.863146E-02	2.863146E-02	7.016610E-14
frustration	64.0000	Hard	2.840160E-02	2.840160E-02	7.460699E-14
frustration	64.5000	Hard	2.816206E-02	2.816206E-02	6.394885E-14
frustration	65.0000	Hard	2.791207E-02	2.791207E-02	6.128431E-14
frustration	65.5000	Hard	2.765084E-02	2.765084E-02	8.615331E-14
frustration	66.0000	Hard	2.737758E-02	2.737758E-02	6.306067E-14
frustration	66.5000	Hard	2.709151E-02	2.709151E-02	9.592327E-14
frustration	67.0000	Hard	2.679186E-02	2.679186E-02	5.240253E-14
frustration	67.5000	Hard	2.647791E-02	2.647791E-02	7.815970E-14
frustration	68.0000	Hard	2.614895E-02	2.614895E-02	8.082424E-14
frustration	68.5000	Hard	2.580433E-02	2.580433E-02	6.306067E-14
frustration	69.0000	Hard	2.544348E-02	2.544348E-02	6.927792E-14
frustration	69.5000	Hard	2.506590E-02	2.506590E-02	7.149836E-14
frustration	70.0000	Hard	2.467117E-02	2.467117E-02	7.371881E-14
frustration	70.5000	Hard	2.425900E-02	2.425900E-02	6.128431E-14
frustration	71.0000	Hard	2.382921E-02	2.382921E-02	3.730349E-14
frustration	71.5000	Hard	2.338176E-02	2.338176E-02	5.329071E-14
frustration	72.0000	Hard	2.291675E-02	2.291675E-02	8.792966E-14
frustration	72.5000	Hard	2.243444E-02	2.243444E-02	3.996803E-14
frustration	73.0000	Hard	2.193524E-02	2.193524E-02	4.973799E-14
frustration	73.5000	Hard	2.141974E-02	2.141974E-02	3.552714E-14
frustration	74.0000	Hard	2.088870E-02	2.088870E-02	4.085621E-14
frustration	74.5000	Hard	2.034303E-02	2.034303E-02	8.704149E-14
frustration	75.0000	Hard	1.978379E-02	1.978379E-02	6.927792E-14
frustration	75.5000	Hard	1.921219E-02	1.921219E-02	6.306067E-14
frustration	76.0000	Hard	1.862956E-02	1.862956E-02	4.618528E-14
frustration	76.5000	Hard	1.803734E-02	1.803734E-02	5.417888E-14
frustration	77.0000	Hard	1.743704E-02	1.743704E-02	4.529710E-14
frustration	77.5000	Hard	1.683020E-02	1.683020E-02	6.306067E-14
frustration	78.0000	Hard	1.621839E-02	1.621839E-02	4.529710E-14
frustration	78.5000	Hard	1.560312E-02	1.560312E-02	4.796163E-14
frustration	79.0000	Hard	1.498581E-02	1.498581E-02	5.684342E-14
frustration	79.5000	Hard	1.436774E-02	1.436774E-02	6.661338E-14
frustration	80.0000	Hard	1.374995E-02	1.374995E-02	6.306067E-14
frustration	80.5000	Hard	1.398488E-02	1.313317E-02	4.973799E-14
frustration	81.0000	Hard	1.439117E-02	1.390066E-02	3.730349E-14
frustration	81.5000	Hard	1.481073E-02	1.481073E-02	7.371881E-14
frustration	82.0000	Hard	1.524269E-02	1.524269E-02	6.039613E-14
frustration	82.5000	Hard	1.568519E-02	1.568519E-02	5.062617E-14
frustration	83.0000	Hard	1.613519E-02	1.613519E-02	3.996803E-14
frustration	83.5000	Hard	1.658832E-02	1.658832E-02	4.796163E-14
frustration	84.0000	Hard	1.703883E-02	1.703883E-02	5.151435E-14
frustration	84.5000	Hard	1.747974E-02	1.747974E-02	5.595524E-14
frustration	85.0000	Hard	1.790317E-02	1.790317E-02	5.062617E-14
frustration	85.5000	Hard	1.698072E-02	1.698072E-02	6.927792E-14
frustration	86.0000	Hard	1.810579E-02	1.810579E-02	3.552714E-14
frustration	86.5000	Hard	1.886392E-02	1.886392E-02	5.151435E-14
frustration	87.0000	Hard	1.933038E-02	1.933038E-02	1.136868E-13
frustration	87.5000	Hard	1.959274E-02	1.959274E-02	4.085621E-14
frustration	88.0000	Hard	1.972970E-02	1.972970E-02	8.526513E-14
frustration	88.5000	Hard	1.979862E-02	1.979862E-02	6.661338E-14
frustration	89.0000	Hard	1.983354E-02	1.983354E-02	4.707346E-14
frustration	89.5000	Hard	1.985064E-02	1.985064E-02	5.151435E-14
frustration	90.0000	Hard	1.985590E-02	1.985590E-02	5.062617E-14
