N,topo,Q,pc,pr,dn,route,frozen,imMax,nXy,rate,rigidity
3,chain,0.5,1,1,0,UnfreezingSeEp,1,1.094590822e-15,0.064585653,0.258342613,0.935414347
3,chain,0.565304,1,1,0,UnfreezingSeEp,1,2.627585363e-17,0.083367313,0.29494664,0.916632687
3,chain,0.639138,1,1,0,UnfreezingSeEp,1,2.121653864e-17,0.107951085,0.337802083,0.892048915
3,chain,0.722615,1,1,0,UnfreezingSeEp,1,7.150430439e-17,0.140399093,0.388586111,0.859600907
3,chain,0.816995,1,1,0,UnfreezingSeEp,1,8.300720379e-17,0.183752709,0.449825823,0.816247291
3,chain,0.923702,1,1,0,UnfreezingSeEp,1,2.146966643e-16,0.242776345,0.525659674,0.757223655
3,chain,1.044345,1,1,0,UnfreezingSeEp,1,5.520000163e-17,0.325706567,0.623752743,0.674293433
3,chain,1.180746,1,1,0,UnfreezingSeEp,1,3.51645428e-16,0.449618526,0.761584,0.550381474
3,chain,1.334961,1,1,0,UnfreezingSeEp,1,3.259421811e-16,0.66994095,1.003685844,0.33005905
3,chain,1.509319,1,1,0,UnfreezingSeEp,0,4.94072587e-01,1,1.325100856,0.349362077
3,chain,1.706449,1,1,0,UnfreezingSeEp,0,7.914285657e-01,1,1.172024243,0.559624506
3,chain,1.929327,0,1,1,UnfreezingSeEp,0,1.414213562e+00,1,1.036631151,1
3,chain,2.181313,1,1,0,UnfreezingSeEp,0,1.076723421e+00,1,0.916878767,0.761358433
3,chain,2.466212,0,1,1,UnfreezingSeEp,0,1.414213562e+00,1,0.810960266,1
3,chain,2.788321,1,1,0,UnfreezingSeEp,0,1.218816196e+00,1,0.717277547,0.861833197
3,chain,3.1525,1,1,0,UnfreezingSeEp,0,1.263928365e+00,1,0.634417124,0.893732318
3,chain,3.564244,0,1,1,UnfreezingSeEp,0,1.414213562e+00,1,0.561128797,1
3,chain,4.029766,1,1,0,UnfreezingSeEp,0,1.324265672e+00,1,0.496306791,0.936397237
3,chain,4.556088,0,1,1,UnfreezingSeEp,0,1.414213562e+00,1,0.43897307,1
3,chain,5.151153,0,1,1,UnfreezingSeEp,0,1.414213562e+00,1,0.388262582,1
3,chain,5.823939,0,1,1,UnfreezingSeEp,0,1.414213562e+00,1,0.343410206,1
3,chain,6.584596,1,1,0,UnfreezingSeEp,0,1.381210517e+00,1,0.30373921,0.976663323
3,chain,7.444602,1,1,0,UnfreezingSeEp,0,1.388461962e+00,1,0.268651036,0.981790869
3,chain,8.416932,1,1,0,UnfreezingSeEp,0,1.394108499e+00,1,0.237616273,0.985783573
3,chain,9.516257,1,1,0,UnfreezingSeEp,0,1.398509911e+00,1,0.210166668,0.988895842
3,chain,10.759163,0,1,1,UnfreezingSeEp,0,1.414213562e+00,1,0.185888062,1
3,chain,12.164404,0,1,1,UnfreezingSeEp,1,5.366800754e-18,1,0.164414138,1
3,chain,13.753182,1,1,0,UnfreezingSeEp,0,1.406717016e+00,1,0.145420898,0.994699141
3,chain,15.549467,1,1,0,UnfreezingSeEp,0,1.408352385e+00,1,0.12862177,0.995855522
3,chain,17.580364,0,1,1,UnfreezingSeEp,0,1.414213562e+00,1,0.11376329,1
3,chain,19.876513,0,1,1,UnfreezingSeEp,0,1.414213562e+00,1,0.100621272,1
3,chain,22.472559,0,1,1,UnfreezingSeEp,0,1.414213562e+00,1,0.088997429,1
3,chain,25.407672,0,1,1,UnfreezingSeEp,0,1.414213562e+00,1,0.078716382,1
3,chain,28.726136,0,1,1,UnfreezingSeEp,0,1.414213562e+00,1,0.069623008,1
3,chain,32.478021,0,1,1,UnfreezingSeEp,0,1.414213562e+00,1,0.061580108,1
3,chain,36.719934,0,1,1,UnfreezingSeEp,0,1.414213562e+00,1,0.054466329,1
3,chain,41.515878,1,1,0,UnfreezingSeEp,0,1.413392809e+00,1,0.048174339,0.99941964
3,chain,46.938215,1,1,0,UnfreezingSeEp,0,1.413571525e+00,1,0.042609204,0.999546011
3,chain,53.068756,1,1,0,UnfreezingSeEp,0,1.413711319e+00,1,0.037686958,0.99964486
3,chain,60,0,1,1,UnfreezingSeEp,0,1.414213562e+00,1,0.033333333,1
3,ring,0.5,1,1,0,FrozenLevelCrossing,1,7.838781707e-17,0.196606389,0.786425558,0.768497143
3,ring,0.565304,1,1,0,FrozenLevelCrossing,1,4.996003611e-16,0.254608048,0.900782164,0.737337469
3,ring,0.639138,1,1,0,FrozenLevelCrossing,1,7.771561172e-16,0.330709007,1.034859366,0.700830731
3,ring,0.722615,1,1,0,FrozenLevelCrossing,1,9.992007222e-16,0.430615725,1.191826005,0.627767977
3,ring,0.816995,1,1,0,FrozenLevelCrossing,1,2.220446049e-15,0.560102147,1.371127591,0.542234371
3,ring,0.923702,1,1,0,FrozenLevelCrossing,1,1.526153318e-15,0.71872012,1.556173789,0.480205181
3,ring,1.044345,1,1,0,FrozenLevelCrossing,1,1.207909448e-16,0.884968587,1.694781867,0.455997294
3,ring,1.180746,0,1,1,UnfreezingSeEp,0,1e+00,1,1.693844795,0.947974637
3,ring,1.334961,0,1,1,UnfreezingSeEp,0,1e+00,1,1.498170614,0.966860395
3,ring,1.509319,0,1,1,UnfreezingSeEp,0,1e+00,1,1.325100856,0.974630966
3,ring,1.706449,0,1,1,UnfreezingSeEp,0,1e+00,1,1.172024243,0.927009756
3,ring,1.929327,0,1,1,UnfreezingSeEp,0,2e+00,1,1.036631151,1
3,ring,2.181313,0,1,1,UnfreezingSeEp,0,2e+00,1,0.916878767,1
3,ring,2.466212,0,1,1,UnfreezingSeEp,0,1e+00,1,0.810960266,0.983837504
3,ring,2.788321,0,1,1,UnfreezingSeEp,0,2e+00,1,0.717277547,1
3,ring,3.1525,0,1,1,UnfreezingSeEp,0,1e+00,1,0.634417124,0.952468925
3,ring,3.564244,0,1,1,UnfreezingSeEp,0,1e+00,1,0.561128797,0.966074149
3,ring,4.029766,0,1,1,UnfreezingSeEp,0,1e+00,1,0.496306791,0.981441956
3,ring,4.556088,0,1,1,UnfreezingSeEp,0,1e+00,1,0.43897307,0.974975162
3,ring,5.151153,0,1,1,UnfreezingSeEp,0,1e+00,1,0.388262582,0.980488706
3,ring,5.823939,0,1,1,UnfreezingSeEp,0,1e+00,1,0.343410206,0.977911334
3,ring,6.584596,0,1,1,UnfreezingSeEp,0,1e+00,1,0.30373921,0.983024682
3,ring,7.444602,0,1,1,UnfreezingSeEp,0,1e+00,1,0.268651036,0.94992045
3,ring,8.416932,0,1,1,UnfreezingSeEp,0,1e+00,1,0.237616273,0.996869006
3,ring,9.516257,0,1,1,UnfreezingSeEp,0,1e+00,1,0.210166668,0.844824983
3,ring,10.759163,0,1,1,UnfreezingSeEp,0,1e+00,1,0.185888062,0.966023782
3,ring,12.164404,0,1,1,UnfreezingSeEp,0,1e+00,1,0.164414138,0.849598633
3,ring,13.753182,0,1,1,UnfreezingSeEp,0,1e+00,1,0.145420898,0.963712074
3,ring,15.549467,0,1,1,UnfreezingSeEp,0,1e+00,1,0.12862177,0.842085402
3,ring,17.580364,0,1,1,UnfreezingSeEp,0,1e+00,1,0.11376329,0.978914228
3,ring,19.876513,0,1,1,UnfreezingSeEp,0,1e+00,1,0.100621272,0.935035155
3,ring,22.472559,0,1,1,UnfreezingSeEp,0,1e+00,1,0.088997429,0.998306369
3,ring,25.407672,0,1,1,UnfreezingSeEp,0,1e+00,1,0.078716382,0.948529119
3,ring,28.726136,0,1,1,UnfreezingSeEp,0,2e+00,1,0.069623008,1
3,ring,32.478021,0,1,1,UnfreezingSeEp,0,1e+00,1,0.061580108,0.953344348
3,ring,36.719934,0,1,1,UnfreezingSeEp,0,2e+00,1,0.054466329,1
3,ring,41.515878,0,1,1,UnfreezingSeEp,0,2e+00,1,0.048174339,1
3,ring,46.938215,0,1,1,UnfreezingSeEp,0,2e+00,1,0.042609204,1
3,ring,53.068756,0,1,1,UnfreezingSeEp,0,1e+00,1,0.037686958,0.873691319
3,ring,60,0,1,1,UnfreezingSeEp,0,1e+00,1,0.033333333,0.850793879
3,star,0.5,1,1,0,FrozenCommutant,1,2.710399722e-16,0.064585653,0.258342613,0.935414347
3,star,0.565304,1,1,0,FrozenCommutant,1,5.015034402e-17,0.083367313,0.29494664,0.916632687
3,star,0.639138,1,1,0,FrozenCommutant,1,3.871383001e-17,0.107951085,0.337802083,0.892048915
3,star,0.722615,2,2,0,FrozenCommutant,1,1.249000903e-16,0.140399093,0.388586111,0.859600907
3,star,0.816995,1,1,0,FrozenCommutant,1,5.892123714e-17,0.183752709,0.449825823,0.816247291
3,star,0.923702,2,2,0,FrozenCommutant,1,8.881784197e-16,0.242776345,0.525659674,0.757223655
3,star,1.044345,1,1,0,FrozenCommutant,1,7.162882196e-16,0.325706567,0.623752743,0.674293433
3,star,1.180746,2,2,0,FrozenCommutant,1,6.106226636e-16,0.449618526,0.761584,0.550381474
3,star,1.334961,2,2,0,FrozenCommutant,1,8.005342661e-16,0.66994095,1.003685844,0.33005905
3,star,1.509319,1,1,0,FrozenCommutant,0,4.94072587e-01,1,1.325100856,0.349362077
3,star,1.706449,0,1,1,UnfreezingSeEp,0,1.414213562e+00,1,1.172024243,1
3,star,1.929327,1,1,0,FrozenCommutant,0,9.619749774e-01,1,1.036631151,0.68021903
3,star,2.181313,2,2,0,FrozenCommutant,0,1.076723421e+00,1,0.916878767,0.761358433
3,star,2.466212,1,1,0,FrozenCommutant,0,1.158595463e+00,1,0.810960266,0.819250709
3,star,2.788321,0,1,1,UnfreezingSeEp,0,1.414213562e+00,1,0.717277547,1
3,star,3.1525,1,1,0,FrozenCommutant,0,1.263928365e+00,1,0.634417124,0.893732318
3,star,3.564244,2,2,0,FrozenCommutant,0,1.298127295e+00,1,0.561128797,0.917914613
3,star,4.029766,0,1,1,UnfreezingSeEp,0,1.414213562e+00,1,0.496306791,1
3,star,4.556088,1,1,0,FrozenCommutant,0,1.344359567e+00,1,0.43897307,0.950605766
3,star,5.151153,2,2,0,FrozenCommutant,0,1.359872114e+00,1,0.388262582,0.961574794
3,star,5.823939,0,1,1,UnfreezingSeEp,0,1.414213562e+00,1,0.343410206,1
3,star,6.584596,2,2,0,FrozenCommutant,0,1.381210517e+00,1,0.30373921,0.976663323
3,star,7.444602,1,1,0,FrozenCommutant,0,1.388461962e+00,1,0.268651036,0.981790869
3,star,8.416932,1,1,0,FrozenCommutant,0,1.394108499e+00,1,0.237616273,0.985783573
3,star,9.516257,1,1,0,FrozenCommutant,0,1.398509911e+00,1,0.210166668,0.988895842
3,star,10.759163,1,1,0,FrozenCommutant,0,1.401943518e+00,1,0.185888062,0.991323769
3,star,12.164404,2,2,0,FrozenCommutant,0,1.40462379e+00,1,0.164414138,0.993219007
3,star,13.753182,2,2,0,FrozenCommutant,0,1.406717016e+00,1,0.145420898,0.994699141
3,star,15.549467,1,1,0,FrozenCommutant,0,1.408352385e+00,1,0.12862177,0.995855522
3,star,17.580364,2,2,0,FrozenCommutant,0,1.409630417e+00,1,0.11376329,0.996759227
3,star,19.876513,0,1,1,UnfreezingSeEp,0,1.414213562e+00,1,0.100621272,1
3,star,22.472559,1,1,0,FrozenCommutant,0,1.41141045e+00,1,0.088997429,0.9980179
3,star,25.407672,1,1,0,FrozenCommutant,0,1.412021151e+00,1,0.078716382,0.998449731
3,star,28.726136,2,2,0,FrozenCommutant,0,1.412498721e+00,1,0.069623008,0.998787424
3,star,32.478021,1,1,0,FrozenCommutant,0,1.412872213e+00,1,0.061580108,0.999051523
3,star,36.719934,2,2,0,FrozenCommutant,0,1.413164328e+00,1,0.054466329,0.99925808
3,star,41.515878,1,1,0,FrozenCommutant,0,1.413392809e+00,1,0.048174339,0.99941964
3,star,46.938215,1,1,0,FrozenCommutant,0,1.413571525e+00,1,0.042609204,0.999546011
3,star,53.068756,0,1,1,UnfreezingSeEp,0,1.414213562e+00,1,0.037686958,1
3,star,60,2,2,0,FrozenCommutant,0,1.413820671e+00,1,0.033333333,0.999722184
4,chain,0.5,1,1,0,UnfreezingSeEp,1,5.402116379e-17,0.037255895,0.14902358,0.962793615
4,chain,0.565304,2,2,0,UnfreezingSeEp,1,1.449973895e-15,0.047863636,0.169337575,0.95221747
4,chain,0.639138,1,1,0,UnfreezingSeEp,1,3.63619195e-16,0.061585372,0.192713828,0.938547596
4,chain,0.722615,2,2,0,UnfreezingSeEp,1,1.066258497e-17,0.079402178,0.219763411,0.920816038
4,chain,0.816995,2,2,0,UnfreezingSeEp,1,5.374241798e-17,0.102655711,0.251300729,0.897702911
4,chain,0.923702,1,1,0,UnfreezingSeEp,1,3.915486864e-16,0.133224871,0.288458674,0.867365643
4,chain,1.044345,1,1,0,UnfreezingSeEp,1,3.852116315e-17,0.173833077,0.332903507,0.827141987
4,chain,1.180746,2,2,0,UnfreezingSeEp,1,1.095678133e-15,0.228638204,0.387277631,0.772978552
4,chain,1.334961,1,1,0,UnfreezingSeEp,1,1.820930742e-16,0.304538592,0.456250769,0.698160217
4,chain,1.509319,1,1,0,UnfreezingSeEp,1,5.212355361e-16,0.414791175,0.549640141,0.589769618
4,chain,1.706449,2,2,0,UnfreezingSeEp,1,9.960525487e-16,0.594438652,0.696696511,0.413500916
4,chain,1.929327,0,1,1,UnfreezingSeEp,0,1.618033989e+00,1,1.036631151,1
4,chain,2.181313,0,1,1,UnfreezingSeEp,0,6.180339887e-01,1,0.916878767,1
4,chain,2.466212,0,1,1,UnfreezingSeEp,0,1.618033989e+00,1,0.810960266,1
4,chain,2.788321,0,1,1,UnfreezingSeEp,0,1.618033989e+00,1,0.717277547,1
4,chain,3.1525,0,1,1,UnfreezingSeEp,0,6.180339887e-01,1,0.634417124,1
4,chain,3.564244,0,1,1,UnfreezingSeEp,0,6.180339887e-01,1,0.561128797,1
4,chain,4.029766,0,1,1,UnfreezingSeEp,0,1.618033989e+00,1,0.496306791,1
4,chain,4.556088,0,1,1,UnfreezingSeEp,0,1.618033989e+00,1,0.43897307,1
4,chain,5.151153,0,1,1,UnfreezingSeEp,0,6.180339887e-01,1,0.388262582,1
4,chain,5.823939,0,1,1,UnfreezingSeEp,0,1.618033989e+00,1,0.343410206,1
4,chain,6.584596,0,1,1,UnfreezingSeEp,0,1.618033989e+00,1,0.30373921,1
4,chain,7.444602,0,1,1,UnfreezingSeEp,0,1.618033989e+00,1,0.268651036,1
4,chain,8.416932,0,1,1,UnfreezingSeEp,0,1.618033989e+00,1,0.237616273,1
4,chain,9.516257,0,1,1,UnfreezingSeEp,0,1.618033989e+00,1,0.210166668,1
4,chain,10.759163,0,1,1,UnfreezingSeEp,0,1.618033989e+00,1,0.185888062,1
4,chain,12.164404,0,1,1,UnfreezingSeEp,0,1.618033989e+00,1,0.164414138,1
4,chain,13.753182,0,1,1,UnfreezingSeEp,0,1.618033989e+00,1,0.145420898,1
4,chain,15.549467,0,1,1,UnfreezingSeEp,0,1.618033989e+00,1,0.12862177,1
4,chain,17.580364,0,1,1,UnfreezingSeEp,0,1.618033989e+00,1,0.11376329,1
4,chain,19.876513,0,1,1,UnfreezingSeEp,0,1.618033989e+00,1,0.100621272,1
4,chain,22.472559,0,1,1,UnfreezingSeEp,0,6.180339887e-01,1,0.088997429,1
4,chain,25.407672,0,1,1,UnfreezingSeEp,0,1.618033989e+00,1,0.078716382,1
4,chain,28.726136,0,1,1,UnfreezingSeEp,0,1.618033989e+00,1,0.069623008,1
4,chain,32.478021,0,1,1,UnfreezingSeEp,0,1.618033989e+00,1,0.061580108,1
4,chain,36.719934,0,1,1,UnfreezingSeEp,0,6.180339887e-01,1,0.054466329,1
4,chain,41.515878,0,1,1,UnfreezingSeEp,0,1.618033989e+00,1,0.048174339,1
4,chain,46.938215,0,1,1,UnfreezingSeEp,0,6.180339887e-01,1,0.042609204,1
4,chain,53.068756,0,1,1,UnfreezingSeEp,0,1.618033989e+00,1,0.037686958,1
4,chain,60,0,1,1,UnfreezingSeEp,0,1.618033989e+00,1,0.033333333,1
4,ring,0.5,2,2,0,FrozenLevelCrossing,1,5.967448757e-16,0.124449649,0.497798595,0.872259531
4,ring,0.565304,2,2,0,FrozenLevelCrossing,1,2.498001805e-16,0.158599185,0.561110766,0.514480437
4,ring,0.639138,2,2,0,FrozenLevelCrossing,1,2.423937407e-16,0.201679815,0.631099371,0.778568687
4,ring,0.722615,2,2,0,FrozenLevelCrossing,1,2.155393919e-15,0.255486496,0.707116421,0.716397892
4,ring,0.816995,2,2,0,FrozenLevelCrossing,1,2.331468346e-15,0.321496542,0.78702212,0.736533947
4,ring,0.923702,2,2,0,FrozenLevelCrossing,1,1.221251362e-15,0.39995634,0.865986015,0.693644264
4,ring,1.044345,2,2,0,FrozenLevelCrossing,1,1.0447432e-15,0.488399307,0.935321662,0.665754766
4,ring,1.180746,2,2,0,FrozenLevelCrossing,1,2.44975862e-15,0.580501457,0.983279371,0.650630032
4,ring,1.334961,2,2,0,FrozenLevelCrossing,1,9.416222364e-16,0.667479602,0.999998325,0.658113407
4,ring,1.509319,2,2,0,FrozenLevelCrossing,1,5.768633184e-17,0.742282879,0.983599678,0.695294265
4,ring,1.706449,2,2,0,FrozenLevelCrossing,1,1.048458027e-15,0.802394658,0.940425992,0.706703804
4,ring,1.929327,2,2,0,FrozenLevelCrossing,1,9.974659987e-17,0.848908855,0.880005363,0.704213191
4,ring,2.181313,2,2,0,FrozenLevelCrossing,1,9.320023577e-16,0.884330295,0.810823671,0.74192475
4,ring,2.466212,2,2,0,FrozenLevelCrossing,1,2.868798948e-16,0.911198657,0.738945906,0.789881932
4,ring,2.788321,2,2,0,FrozenLevelCrossing,1,4.440892099e-16,0.93161239,0.66822465,0.858408684
4,ring,3.1525,2,2,0,FrozenLevelCrossing,1,5.303628304e-17,0.947179722,0.600907035,0.332287858
4,ring,3.564244,2,2,0,FrozenLevelCrossing,1,1.423304534e-17,0.959100613,0.538178973,0.88737606
4,ring,4.029766,2,2,0,FrozenLevelCrossing,1,1.387778781e-17,0.968264811,0.480556401,0.934377498
4,ring,4.556088,2,2,0,FrozenCommutant,1,2.556265348e-16,0.975333706,0.428145231,0.870094626
4,ring,5.151153,2,2,0,FrozenCommutant,1,1.540109186e-16,0.980801839,0.380808654,0.949218571
4,ring,5.823939,2,2,0,FrozenCommutant,1,2.33537148e-16,0.985041519,0.338273311,0.963596433
4,ring,6.584596,2,2,0,FrozenCommutant,1,5.551115123e-17,0.988334875,0.300196054,0.954245908
4,ring,7.444602,2,2,0,FrozenCommutant,1,2.491970931e-17,0.990896957,0.266205494,0.907205976
4,ring,8.416932,2,2,0,FrozenCommutant,1,1.033627933e-16,0.99289251,0.235927418,0.914523444
4,ring,9.516257,2,2,0,FrozenCommutant,1,5.551115123e-17,0.994448265,0.208999879,0.969221634
4,ring,10.759163,2,2,0,FrozenCommutant,1,6.938893904e-17,0.995662048,0.185081689,0.975084768
4,ring,12.164404,2,2,0,FrozenCommutant,1,1.138412281e-18,0.996609582,0.163856706,0.967341839
4,ring,13.753182,2,2,0,FrozenCommutant,1,8.706143445e-17,0.997349608,0.145035475,0.945965055
4,ring,15.549467,2,2,0,FrozenCommutant,1,2.220446049e-16,0.997927779,0.128355237,0.963483354
4,ring,17.580364,2,2,0,FrozenCommutant,1,8.961445942e-18,0.998379622,0.11357895,0.456138313
4,ring,19.876513,2,2,0,FrozenCommutant,1,1.110223025e-16,0.998732818,0.100493766,0.833087052
4,ring,22.472559,2,2,0,FrozenCommutant,1,1.110223025e-16,0.999008952,0.088909229,0.88043986
4,ring,25.407672,2,2,0,FrozenCommutant,1,1.726049859e-16,0.999224867,0.078655366,0.930449379
4,ring,28.726136,2,2,0,FrozenCommutant,1,1.127570259e-16,0.999393712,0.069580797,0.959228377
4,ring,32.478021,2,2,0,FrozenCommutant,1,1.006139616e-16,0.999525762,0.061550904,0.949784627
4,ring,36.719934,2,2,0,FrozenCommutant,1,7.632783294e-17,0.99962904,0.054446124,0.774083371
4,ring,41.515878,2,2,0,FrozenCommutant,1,5.134781489e-16,0.99970982,0.04816036,0.984533071
4,ring,46.938215,2,2,0,FrozenCommutant,1,4.857225733e-17,0.999773005,0.042599532,0.830872466
4,ring,53.068756,2,2,0,FrozenCommutant,1,5.984795992e-17,0.99982243,0.037680266,0.655332607
4,ring,60,2,2,0,FrozenCommutant,1,5.551115123e-16,0.999861092,0.033328703,0.984170019
4,star,0.5,3,3,0,FrozenCommutant,1,1.329231863e-16,0.06349098,0.253963921,0.815037125
4,star,0.565304,1,1,0,FrozenCommutant,1,2.696952904e-16,0.081517472,0.288402059,0.917584175
4,star,0.639138,3,3,0,FrozenCommutant,1,6.661338148e-16,0.104791632,0.327915477,0.618463359
4,star,0.722615,3,3,0,FrozenCommutant,1,2.359224131e-16,0.134923428,0.373430975,0.868205248
4,star,0.816995,3,3,0,FrozenCommutant,1,8.881939898e-16,0.174065786,0.426112277,0.829265647
4,star,0.923702,1,1,0,FrozenCommutant,1,6.067547662e-17,0.225117799,0.487425366,0.78880884
4,star,1.044345,1,1,0,FrozenCommutant,1,6.938893904e-18,0.291986055,0.559175408,0.515339212
4,star,1.180746,1,1,0,FrozenCommutant,1,4.232725281e-16,0.379816645,0.643350447,0.654878158
4,star,1.334961,1,1,0,FrozenCommutant,1,1.354527866e-17,0.494678984,0.741113517,0.581265746
4,star,1.509319,3,3,0,FrozenCommutant,1,7.554720738e-16,0.640461865,0.848676565,0.303553732
4,star,1.706449,1,1,0,FrozenCommutant,1,1.43410761e-15,0.807558031,0.94647759,0.462747729
4,star,1.929327,1,1,0,FrozenCommutant,1,2.468100748e-16,0.962085301,0.997327593,0.476085366
4,star,2.181313,0,1,1,UnfreezingSeEp,0,1.732050808e+00,1,0.916878767,1
4,star,2.466212,0,1,1,UnfreezingSeEp,1,3.469446952e-18,1,0.810960266,0.866051828
4,star,2.788321,0,1,1,UnfreezingSeEp,1,0e+00,1,0.717277547,0.976322531
4,star,3.1525,0,1,1,UnfreezingSeEp,0,1.732050808e+00,1,0.634417124,1
4,star,3.564244,0,1,1,UnfreezingSeEp,1,0e+00,1,0.561128797,0.9701425
4,star,4.029766,0,1,1,UnfreezingSeEp,0,1.732050808e+00,1,0.496306791,1
4,star,4.556088,0,1,1,UnfreezingSeEp,1,0e+00,1,0.43897307,0.926847016
4,star,5.151153,0,1,1,UnfreezingSeEp,0,1.732050808e+00,1,0.388262582,1
4,star,5.823939,0,1,1,UnfreezingSeEp,0,1.732050808e+00,1,0.343410206,1
4,star,6.584596,0,1,1,UnfreezingSeEp,0,1.732050808e+00,1,0.30373921,1
4,star,7.444602,0,1,1,UnfreezingSeEp,0,1.732050808e+00,1,0.268651036,1
4,star,8.416932,0,1,1,UnfreezingSeEp,1,0e+00,1,0.237616273,0.993098596
4,star,9.516257,0,1,1,UnfreezingSeEp,0,1.732050808e+00,1,0.210166668,1
4,star,10.759163,0,1,1,UnfreezingSeEp,1,3.085639383e-16,1,0.185888062,1
4,star,12.164404,0,1,1,UnfreezingSeEp,1,0e+00,1,0.164414138,0.99503719
4,star,13.753182,0,1,1,UnfreezingSeEp,1,0e+00,1,0.145420898,0.986393924
4,star,15.549467,0,1,1,UnfreezingSeEp,1,0e+00,1,0.12862177,0.894427191
4,star,17.580364,0,1,1,UnfreezingSeEp,1,0e+00,1,0.11376329,0.9701425
4,star,19.876513,0,1,1,UnfreezingSeEp,1,0e+00,1,0.100621272,0.980580676
4,star,22.472559,0,1,1,UnfreezingSeEp,0,1.732050808e+00,1,0.088997429,1
4,star,25.407672,0,1,1,UnfreezingSeEp,1,0e+00,1,0.078716382,0.980580676
4,star,28.726136,0,1,1,UnfreezingSeEp,0,1.732050808e+00,1,0.069623008,1
4,star,32.478021,0,1,1,UnfreezingSeEp,0,1.732050808e+00,1,0.061580108,1
4,star,36.719934,0,1,1,UnfreezingSeEp,0,1.732050808e+00,1,0.054466329,1
4,star,41.515878,0,1,1,UnfreezingSeEp,1,0e+00,1,0.048174339,0.97618706
4,star,46.938215,0,1,1,UnfreezingSeEp,1,0e+00,1,0.042609204,0.9701425
4,star,53.068756,0,1,1,UnfreezingSeEp,0,1.732050808e+00,1,0.037686958,1
4,star,60,0,1,1,UnfreezingSeEp,0,1.732050808e+00,1,0.033333333,1
5,chain,0.5,3,3,0,UnfreezingSeEp,1,6.813929121e-17,0.024124011,0.096496045,0.975915824
5,chain,0.565304,2,2,0,UnfreezingSeEp,1,1.661463173e-16,0.030929102,0.109424597,0.9691362
5,chain,0.639138,3,3,0,UnfreezingSeEp,1,4.563478606e-16,0.039688411,0.124193543,0.960418739
5,chain,0.722615,2,2,0,UnfreezingSeEp,1,5.562168628e-17,0.050986699,0.141117174,0.949189327
5,chain,0.816995,3,3,0,UnfreezingSeEp,1,7.843561375e-17,0.0656005,0.160589735,0.934689138
5,chain,0.923702,2,2,0,UnfreezingSeEp,1,1.242754094e-16,0.084573779,0.183119263,0.915903793
5,chain,1.044345,1,1,0,UnfreezingSeEp,1,1.441240861e-16,0.109334103,0.209383087,0.891455533
5,chain,1.180746,1,1,0,UnfreezingSeEp,1,5.425547829e-16,0.14188101,0.240324411,0.859429507
5,chain,1.334961,2,2,0,UnfreezingSeEp,1,6.38536726e-16,0.185114885,0.277333681,0.817071402
5,chain,1.509319,3,3,0,UnfreezingSeEp,1,1.449734465e-15,0.243472797,0.322626011,0.760201631
5,chain,1.706449,2,2,0,UnfreezingSeEp,1,1.749758477e-18,0.324354568,0.380151417,0.681890908
5,chain,1.929327,1,1,0,UnfreezingSeEp,1,1.347691888e-15,0.442175864,0.458373275,0.568645788
5,chain,2.181313,2,2,0,UnfreezingSeEp,1,1.594637364e-16,0.636802865,0.583871026,0.382781814
5,chain,2.466212,0,1,1,UnfreezingSeEp,0,1.732050808e+00,1,0.810960266,1
5,chain,2.788321,0,1,1,UnfreezingSeEp,0,1.732050808e+00,1,0.717277547,1
5,chain,3.1525,0,1,1,UnfreezingSeEp,0,1.732050808e+00,1,0.634417124,1
5,chain,3.564244,0,1,1,UnfreezingSeEp,0,1.732050808e+00,1,0.561128797,1
5,chain,4.029766,0,1,1,UnfreezingSeEp,0,1e+00,1,0.496306791,1
5,chain,4.556088,0,1,1,UnfreezingSeEp,0,1.732050808e+00,1,0.43897307,1
5,chain,5.151153,0,1,1,UnfreezingSeEp,0,1e+00,1,0.388262582,1
5,chain,5.823939,0,1,1,UnfreezingSeEp,0,1.732050808e+00,1,0.343410206,1
5,chain,6.584596,0,1,1,UnfreezingSeEp,0,1.732050808e+00,1,0.30373921,1
5,chain,7.444602,0,1,1,UnfreezingSeEp,0,1.732050808e+00,1,0.268651036,1
5,chain,8.416932,0,1,1,UnfreezingSeEp,0,1e+00,1,0.237616273,1
5,chain,9.516257,0,1,1,UnfreezingSeEp,0,1.732050808e+00,1,0.210166668,1
5,chain,10.759163,0,1,1,UnfreezingSeEp,0,1e+00,1,0.185888062,1
5,chain,12.164404,0,1,1,UnfreezingSeEp,0,1.732050808e+00,1,0.164414138,1
5,chain,13.753182,0,1,1,UnfreezingSeEp,0,1.732050808e+00,1,0.145420898,1
5,chain,15.549467,0,1,1,UnfreezingSeEp,0,1.732050808e+00,1,0.12862177,1
5,chain,17.580364,0,1,1,UnfreezingSeEp,1,6.958335908e-18,1,0.11376329,1
5,chain,19.876513,0,1,1,UnfreezingSeEp,1,2.147355575e-16,1,0.100621272,1
5,chain,22.472559,0,1,1,UnfreezingSeEp,0,1.732050808e+00,1,0.088997429,1
5,chain,25.407672,0,1,1,UnfreezingSeEp,0,1.732050808e+00,1,0.078716382,1
5,chain,28.726136,0,1,1,UnfreezingSeEp,0,1.732050808e+00,1,0.069623008,1
5,chain,32.478021,0,1,1,UnfreezingSeEp,0,1.732050808e+00,1,0.061580108,1
5,chain,36.719934,0,1,1,UnfreezingSeEp,0,1.732050808e+00,1,0.054466329,1
5,chain,41.515878,0,1,1,UnfreezingSeEp,0,1e+00,1,0.048174339,1
5,chain,46.938215,0,1,1,UnfreezingSeEp,0,1.732050808e+00,1,0.042609204,1
5,chain,53.068756,0,1,1,UnfreezingSeEp,0,1e+00,1,0.037686958,1
5,chain,60,0,1,1,UnfreezingSeEp,0,1.732050808e+00,1,0.033333333,1
5,ring,0.5,2,2,0,FrozenLevelCrossing,1,2.895760609e-15,0.088323094,0.353292378,0.913221134
5,ring,0.565304,2,2,0,FrozenLevelCrossing,1,3.11751175e-15,0.11363662,0.402036941,0.889144649
5,ring,0.639138,3,3,0,FrozenLevelCrossing,1,7.475133447e-16,0.146497463,0.458421961,0.858459572
5,ring,0.722615,1,1,0,FrozenLevelCrossing,1,2.883977779e-17,0.189370242,0.524124797,0.80000088
5,ring,0.816995,3,3,0,FrozenLevelCrossing,1,3.36357723e-16,0.24569571,0.601462018,0.759811602
5,ring,0.923702,3,3,0,FrozenLevelCrossing,1,2.863850158e-16,0.320430811,0.693797232,0.703395673
5,ring,1.044345,2,2,0,FrozenLevelCrossing,1,1.755444872e-15,0.421041366,0.806326102,0.619532987
5,ring,1.180746,3,3,0,FrozenLevelCrossing,1,1.637633171e-15,0.559464219,0.947645556,0.518684218
5,ring,1.334961,3,3,0,FrozenLevelCrossing,1,2.948407539e-15,0.755689129,1.132151246,0.394276566
5,ring,1.509319,0,1,1,UnfreezingSeEp,0,6.180339887e-01,1,1.325100856,0.960775094
5,ring,1.706449,0,1,1,UnfreezingSeEp,0,6.180339887e-01,1,1.172024243,0.984988894
5,ring,1.929327,0,1,1,UnfreezingSeEp,0,1.618033989e+00,1,1.036631151,0.990530386
5,ring,2.181313,0,1,1,UnfreezingSeEp,0,2e+00,1,0.916878767,1
5,ring,2.466212,0,1,1,UnfreezingSeEp,0,1.618033989e+00,1,0.810960266,0.993874152
5,ring,2.788321,0,1,1,UnfreezingSeEp,0,2e+00,1,0.717277547,1
5,ring,3.1525,0,1,1,UnfreezingSeEp,0,6.180339887e-01,1,0.634417124,0.997626516
5,ring,3.564244,0,1,1,UnfreezingSeEp,0,6.180339887e-01,1,0.561128797,0.943504978
5,ring,4.029766,0,1,1,UnfreezingSeEp,0,1.618033989e+00,1,0.496306791,0.992736719
5,ring,4.556088,0,1,1,UnfreezingSeEp,0,1.618033989e+00,1,0.43897307,0.99642851
5,ring,5.151153,0,1,1,UnfreezingSeEp,0,1.618033989e+00,1,0.388262582,0.962572511
5,ring,5.823939,0,1,1,UnfreezingSeEp,0,2e+00,1,0.343410206,1
5,ring,6.584596,0,1,1,UnfreezingSeEp,0,6.180339887e-01,1,0.30373921,0.972380099
5,ring,7.444602,0,1,1,UnfreezingSeEp,0,6.180339887e-01,1,0.268651036,0.994368894
5,ring,8.416932,0,1,1,UnfreezingSeEp,0,2e+00,1,0.237616273,1
5,ring,9.516257,0,1,1,UnfreezingSeEp,0,6.180339887e-01,1,0.210166668,0.996768274
5,ring,10.759163,0,1,1,UnfreezingSeEp,0,1.618033989e+00,1,0.185888062,0.996805821
5,ring,12.164404,0,1,1,UnfreezingSeEp,0,1.618033989e+00,1,0.164414138,0.997632752
5,ring,13.753182,0,1,1,UnfreezingSeEp,0,6.180339887e-01,1,0.145420898,0.984955441
5,ring,15.549467,0,1,1,UnfreezingSeEp,0,6.180339887e-01,1,0.12862177,0.992182601
5,ring,17.580364,0,1,1,UnfreezingSeEp,0,6.180339887e-01,1,0.11376329,0.938148
5,ring,19.876513,0,1,1,UnfreezingSeEp,0,6.180339887e-01,1,0.100621272,0.992826623
5,ring,22.472559,0,1,1,UnfreezingSeEp,0,1.618033989e+00,1,0.088997429,0.996087651
5,ring,25.407672,0,1,1,UnfreezingSeEp,0,6.180339887e-01,1,0.078716382,0.997327761
5,ring,28.726136,0,1,1,UnfreezingSeEp,0,6.180339887e-01,1,0.069623008,0.996651048
5,ring,32.478021,0,1,1,UnfreezingSeEp,0,2e+00,1,0.061580108,1
5,ring,36.719934,0,1,1,UnfreezingSeEp,0,1.618033989e+00,1,0.054466329,0.99794352
5,ring,41.515878,0,1,1,UnfreezingSeEp,0,1.618033989e+00,1,0.048174339,0.994249995
5,ring,46.938215,0,1,1,UnfreezingSeEp,0,1.618033989e+00,1,0.042609204,0.989471653
5,ring,53.068756,0,1,1,UnfreezingSeEp,0,1.618033989e+00,1,0.037686958,0.997325249
5,ring,60,0,1,1,UnfreezingSeEp,0,2e+00,1,0.033333333,1
5,star,0.5,1,1,0,FrozenCommutant,1,3.117081246e-18,0.062435103,0.249740412,0.830827991
5,star,0.565304,1,1,0,FrozenCommutant,1,8.890457814e-17,0.079754442,0.282164603,0.571582696
5,star,0.639138,1,1,0,FrozenCommutant,1,1.313510932e-16,0.101830456,0.318649324,0.854930085
5,star,0.722615,1,1,0,FrozenCommutant,1,5.79885532e-16,0.129913146,0.359563891,0.745119897
5,star,0.816995,4,4,0,FrozenCommutant,1,7.771561172e-16,0.165511844,0.405172267,0.627648492
5,star,0.923702,4,4,0,FrozenCommutant,1,1.682681772e-16,0.210359073,0.455469753,0.755738
5,star,1.044345,1,1,0,FrozenCommutant,1,7.926619633e-16,0.26623469,0.509859594,0.712208253
5,star,1.180746,4,4,0,FrozenCommutant,1,7.172361518e-16,0.334482809,0.566561966,0.524869536
5,star,1.334961,4,4,0,FrozenCommutant,1,6.210310044e-16,0.414989265,0.621724722,0.550995512
5,star,1.509319,1,1,0,FrozenCommutant,1,2.523536285e-16,0.504648532,0.668710201,0.636715193
5,star,1.706449,4,4,0,FrozenCommutant,1,8.622829126e-16,0.596495832,0.699107576,0.651221631
5,star,1.929327,4,4,0,FrozenCommutant,1,7.797582025e-16,0.681719604,0.706691778,0.571610987
5,star,2.181313,1,1,0,FrozenCommutant,1,2.452053648e-16,0.753978006,0.691306425,0.57420178
5,star,2.466212,4,4,0,FrozenCommutant,1,1.517883041e-17,0.811540454,0.658127062,0.68477996
5,star,2.788321,1,1,0,FrozenCommutant,1,4.709215984e-16,0.855899458,0.613917463,0.77773077
5,star,3.1525,1,1,0,FrozenCommutant,1,2.322651533e-16,0.889634499,0.56439936,0.68993246
5,star,3.564244,4,4,0,FrozenCommutant,1,3.885780586e-16,0.915224055,0.513558573,0.81321081
5,star,4.029766,4,4,0,FrozenCommutant,1,1.075528555e-16,0.934677241,0.463886662,0.646049611
5,star,4.556088,4,4,0,FrozenCommutant,1,1.974332156e-16,0.949522901,0.416814983,0.80636143
5,star,5.151153,1,1,0,FrozenCommutant,1,7.082635395e-17,0.960899328,0.373081254,0.814311868
5,star,5.823939,1,1,0,FrozenCommutant,1,4.440892099e-16,0.969650556,0.332987898,0.888008528
5,star,6.584596,1,1,0,FrozenCommutant,1,4.002061269e-17,0.976404553,0.296572347,0.880223428
5,star,7.444602,4,4,0,FrozenCommutant,1,7.936359903e-17,0.981631424,0.263716299,0.917286523
5,star,8.416932,4,4,0,FrozenCommutant,1,1.665334537e-16,0.985685506,0.234214916,0.656609047
5,star,9.516257,4,4,0,FrozenCommutant,1,7.443047914e-17,0.988835602,0.207820284,0.798075686
5,star,10.759163,4,4,0,FrozenCommutant,1,3.469446952e-17,0.991286799,0.184268382,0.946756926
5,star,12.164404,4,4,0,FrozenCommutant,1,2.775557562e-17,0.993196334,0.163295519,0.815667333
5,star,13.753182,4,4,0,FrozenCommutant,1,9.107298249e-18,0.994685243,0.144648021,0.909261027
5,star,15.549467,1,1,0,FrozenCommutant,1,7.186301655e-17,0.995847005,0.128087604,0.971023248
5,star,17.580364,4,4,0,FrozenCommutant,1,2.818925648e-17,0.99675401,0.113394015,0.962940419
5,star,19.876513,1,1,0,FrozenCommutant,1,1.138412281e-17,0.997462433,0.100365939,0.885606546
5,star,22.472559,1,1,0,FrozenCommutant,1,2.873135757e-17,0.998015944,0.088820853,0.763116531
5,star,25.407672,4,4,0,FrozenCommutant,1,5.681219384e-17,0.998448533,0.078594256,0.904410915
5,star,28.726136,1,1,0,FrozenCommutant,1,2.200379839e-17,0.998786691,0.069538534,0.904011251
5,star,32.478021,4,4,0,FrozenCommutant,1,2.931682674e-16,0.999051074,0.061521673,0.902158562
5,star,36.719934,1,1,0,FrozenCommutant,1,6.331740687e-17,0.999257805,0.054425904,0.949889544
5,star,41.515878,4,4,0,FrozenCommutant,1,2.688821388e-17,0.999419472,0.048146372,0.938628586
5,star,46.938215,4,4,0,FrozenCommutant,1,1.952241537e-17,0.999545908,0.042589856,0.905961424
5,star,53.068756,4,4,0,FrozenCommutant,1,1.809668951e-16,0.999644797,0.037673572,0.897528957
5,star,60,4,4,0,FrozenCommutant,1,2.100641709e-16,0.999722145,0.033324072,0.885550373
6,chain,0.5,4,4,0,UnfreezingSeEp,1,1.972528734e-16,0.01686225,0.067449,0.983164506
6,chain,0.565304,4,4,0,UnfreezingSeEp,1,3.525983385e-16,0.021596462,0.076406493,0.978447375
6,chain,0.639138,2,2,0,UnfreezingSeEp,1,1.342109907e-16,0.027675288,0.086601907,0.972396589
6,chain,0.722615,4,4,0,UnfreezingSeEp,1,1.414925821e-16,0.035490892,0.098229037,0.964627077
6,chain,0.816995,4,4,0,UnfreezingSeEp,1,2.57830475e-16,0.045556848,0.111522963,0.954637018
6,chain,0.923702,4,4,0,UnfreezingSeEp,1,4.867864876e-16,0.058550744,0.126774152,0.941768382
6,chain,1.044345,1,1,0,UnfreezingSeEp,1,4.344292281e-17,0.075375567,0.144349919,0.925150912
6,chain,1.180746,4,4,0,UnfreezingSeEp,1,3.174842202e-16,0.097251239,0.164728504,0.903619858
6,chain,1.334961,3,3,0,UnfreezingSeEp,1,2.089408782e-15,0.125857554,0.188556089,0.875589388
6,chain,1.509319,3,3,0,UnfreezingSeEp,1,1.011933321e-15,0.163571391,0.21674859,0.838844934
6,chain,1.706449,3,3,0,UnfreezingSeEp,1,4.870590469e-15,0.213894519,0.250689562,0.790170908
6,chain,1.929327,1,1,0,UnfreezingSeEp,1,7.5730762e-17,0.282321246,0.292662998,0.724593756
6,chain,2.181313,2,2,0,UnfreezingSeEp,1,8.97987301e-16,0.378437122,0.346980962,0.633527249
6,chain,2.466212,4,4,0,UnfreezingSeEp,1,6.851260449e-16,0.522769215,0.423945062,0.498580891
6,chain,2.788321,3,3,0,UnfreezingSeEp,1,4.149010948e-15,0.793504474,0.569162943,0.248103023
6,chain,3.1525,0,1,1,UnfreezingSeEp,0,1.801937736e+00,1,0.634417124,1
6,chain,3.564244,0,1,1,UnfreezingSeEp,0,1.246979604e+00,1,0.561128797,1
6,chain,4.029766,0,1,1,UnfreezingSeEp,0,1.246979604e+00,1,0.496306791,1
6,chain,4.556088,0,1,1,UnfreezingSeEp,0,1.246979604e+00,1,0.43897307,1
6,chain,5.151153,0,1,1,UnfreezingSeEp,0,1.801937736e+00,1,0.388262582,1
6,chain,5.823939,0,1,1,UnfreezingSeEp,0,4.450418679e-01,1,0.343410206,1
6,chain,6.584596,0,1,1,UnfreezingSeEp,0,1.801937736e+00,1,0.30373921,1
6,chain,7.444602,0,1,1,UnfreezingSeEp,0,1.801937736e+00,1,0.268651036,1
6,chain,8.416932,0,1,1,UnfreezingSeEp,0,1.246979604e+00,1,0.237616273,1
6,chain,9.516257,0,1,1,UnfreezingSeEp,0,1.246979604e+00,1,0.210166668,1
6,chain,10.759163,0,1,1,UnfreezingSeEp,0,4.450418679e-01,1,0.185888062,1
6,chain,12.164404,0,1,1,UnfreezingSeEp,0,4.450418679e-01,1,0.164414138,1
6,chain,13.753182,0,1,1,UnfreezingSeEp,0,4.450418679e-01,1,0.145420898,1
6,chain,15.549467,0,1,1,UnfreezingSeEp,0,1.246979604e+00,1,0.12862177,1
6,chain,17.580364,0,1,1,UnfreezingSeEp,0,1.246979604e+00,1,0.11376329,1
6,chain,19.876513,0,1,1,UnfreezingSeEp,0,1.246979604e+00,1,0.100621272,1
6,chain,22.472559,0,1,1,UnfreezingSeEp,0,1.246979604e+00,1,0.088997429,1
6,chain,25.407672,0,1,1,UnfreezingSeEp,0,4.450418679e-01,1,0.078716382,1
6,chain,28.726136,0,1,1,UnfreezingSeEp,0,1.801937736e+00,1,0.069623008,1
6,chain,32.478021,0,1,1,UnfreezingSeEp,0,1.246979604e+00,1,0.061580108,1
6,chain,36.719934,0,1,1,UnfreezingSeEp,0,4.450418679e-01,1,0.054466329,1
6,chain,41.515878,0,1,1,UnfreezingSeEp,0,1.801937736e+00,1,0.048174339,1
6,chain,46.938215,0,1,1,UnfreezingSeEp,0,1.246979604e+00,1,0.042609204,1
6,chain,53.068756,0,1,1,UnfreezingSeEp,0,1.801937736e+00,1,0.037686958,1
6,chain,60,0,1,1,UnfreezingSeEp,0,1.246979604e+00,1,0.033333333,1
6,ring,0.5,4,4,0,FrozenLevelCrossing,1,1.798095093e-15,0.06349098,0.253963921,0.933247648
6,ring,0.565304,2,2,0,FrozenLevelCrossing,1,1.110235765e-16,0.081517472,0.288402059,0.898177606
6,ring,0.639138,4,4,0,FrozenLevelCrossing,1,2.289806031e-16,0.104791632,0.327915477,0.891568264
6,ring,0.722615,2,2,0,FrozenLevelCrossing,1,3.775751006e-16,0.134923428,0.373430975,0.86272119
6,ring,0.816995,2,2,0,FrozenLevelCrossing,1,6.731811289e-16,0.174065786,0.426112277,0.39639361
6,ring,0.923702,4,4,0,FrozenLevelCrossing,1,2.248132936e-15,0.225117799,0.487425366,0.772797937
6,ring,1.044345,2,2,0,FrozenLevelCrossing,1,5.273578127e-16,0.291986055,0.559175408,0.730891171
6,ring,1.180746,4,4,0,FrozenLevelCrossing,1,8.01951464e-16,0.379816645,0.643350447,0.622586993
6,ring,1.334961,4,4,0,FrozenLevelCrossing,1,1.007861803e-14,0.494678984,0.741113517,0.582820539
6,ring,1.509319,4,4,0,FrozenLevelCrossing,1,2.939638944e-15,0.640461865,0.848676565,0.50990093
6,ring,1.706449,4,4,0,FrozenLevelCrossing,1,1.405303395e-15,0.807558031,0.94647759,0.363721144
6,ring,1.929327,2,2,0,FrozenLevelCrossing,1,7.162781653e-16,0.962085301,0.997327593,0.472033626
6,ring,2.181313,0,1,1,UnfreezingSeEp,0,1e+00,1,0.916878767,0.982271547
6,ring,2.466212,0,1,1,UnfreezingSeEp,0,1e+00,1,0.810960266,0.992999385
6,ring,2.788321,0,1,1,UnfreezingSeEp,0,2e+00,1,0.717277547,1
6,ring,3.1525,0,1,1,UnfreezingSeEp,0,1e+00,1,0.634417124,0.998586085
6,ring,3.564244,0,1,1,UnfreezingSeEp,0,1e+00,1,0.561128797,0.990017968
6,ring,4.029766,0,1,1,UnfreezingSeEp,0,1e+00,1,0.496306791,0.999219021
6,ring,4.556088,0,1,1,UnfreezingSeEp,0,1e+00,1,0.43897307,0.985823469
6,ring,5.151153,0,1,1,UnfreezingSeEp,0,1e+00,1,0.388262582,0.983511421
6,ring,5.823939,0,1,1,UnfreezingSeEp,0,2e+00,1,0.343410206,1
6,ring,6.584596,0,1,1,UnfreezingSeEp,0,1e+00,1,0.30373921,0.998554033
6,ring,7.444602,0,1,1,UnfreezingSeEp,0,1e+00,1,0.268651036,0.998037084
6,ring,8.416932,0,1,1,UnfreezingSeEp,0,1e+00,1,0.237616273,0.997303045
6,ring,9.516257,0,1,1,UnfreezingSeEp,0,2e+00,1,0.210166668,1
6,ring,10.759163,0,1,1,UnfreezingSeEp,0,2e+00,1,0.185888062,1
6,ring,12.164404,0,1,1,UnfreezingSeEp,0,2e+00,1,0.164414138,1
6,ring,13.753182,0,1,1,UnfreezingSeEp,0,1e+00,1,0.145420898,0.841226413
6,ring,15.549467,0,1,1,UnfreezingSeEp,0,1e+00,1,0.12862177,0.823644403
6,ring,17.580364,0,1,1,UnfreezingSeEp,0,1e+00,1,0.11376329,0.986203463
6,ring,19.876513,0,1,1,UnfreezingSeEp,0,1e+00,1,0.100621272,0.998382303
6,ring,22.472559,0,1,1,UnfreezingSeEp,0,1e+00,1,0.088997429,0.7620998
6,ring,25.407672,0,1,1,UnfreezingSeEp,0,1e+00,1,0.078716382,0.990249003
6,ring,28.726136,0,1,1,UnfreezingSeEp,0,1e+00,1,0.069623008,0.992725064
6,ring,32.478021,0,1,1,UnfreezingSeEp,0,1e+00,1,0.061580108,0.950245648
6,ring,36.719934,0,1,1,UnfreezingSeEp,0,2e+00,1,0.054466329,1
6,ring,41.515878,0,1,1,UnfreezingSeEp,0,2e+00,1,0.048174339,1
6,ring,46.938215,0,1,1,UnfreezingSeEp,0,1e+00,1,0.042609204,0.990050187
6,ring,53.068756,0,1,1,UnfreezingSeEp,0,1e+00,1,0.037686958,0.999187321
6,ring,60,0,1,1,UnfreezingSeEp,0,1e+00,1,0.033333333,0.998068254
6,star,0.5,1,1,0,FrozenCommutant,1,2.659683454e-17,0.061415881,0.245663524,0.864919822
6,star,0.565304,5,5,0,FrozenCommutant,1,5.724587471e-17,0.078071834,0.276211678,0.589764476
6,star,0.639138,5,5,0,FrozenCommutant,1,1.804112415e-16,0.099047922,0.309942179,0.631080105
6,star,0.722615,1,1,0,FrozenCommutant,1,6.938893904e-18,0.125305523,0.346811258,0.648319732
6,star,0.816995,1,1,0,FrozenCommutant,1,4.111294638e-16,0.157880671,0.386491187,0.657276931
6,star,0.923702,1,1,0,FrozenCommutant,1,1.738192923e-15,0.197751505,0.42817183,0.690725963
6,star,1.044345,5,5,0,FrozenCommutant,1,1.623701174e-15,0.245568745,0.470282745,0.773656536
6,star,1.180746,1,1,0,FrozenCommutant,1,1.898912342e-16,0.301205413,0.51019522,0.436740727
6,star,1.334961,5,5,0,FrozenCommutant,1,1.387778781e-16,0.363195789,0.544129259,0.538209757
6,star,1.509319,1,1,0,FrozenCommutant,1,1.139713324e-15,0.428408797,0.567684864,0.62783707
6,star,1.706449,5,5,0,FrozenCommutant,1,2.324529458e-16,0.492512257,0.577236306,0.427807606
6,star,1.929327,1,1,0,FrozenCommutant,1,6.678685383e-17,0.551327069,0.571522814,0.735477348
6,star,2.181313,5,5,0,FrozenCommutant,1,1.465841337e-16,0.602174573,0.55212108,0.581897817
6,star,2.466212,5,5,0,FrozenCommutant,1,5.204170428e-16,0.644244774,0.522456914,0.647508367
6,star,2.788321,5,5,0,FrozenCommutant,1,8.326672685e-17,0.678074134,0.486367352,0.727142336
6,star,3.1525,5,5,0,FrozenCommutant,1,1.136243877e-16,0.704826085,0.447153737,0.697777656
6,star,3.564244,5,5,0,FrozenCommutant,1,3.486794187e-16,0.725792483,0.407263063,0.520131589
6,star,4.029766,5,5,0,FrozenCommutant,1,2.220446049e-16,0.742153179,0.368335663,0.585954346
6,star,4.556088,5,5,0,FrozenCommutant,1,4.787836794e-16,0.754897149,0.331379519,0.721521142
6,star,5.151153,5,5,0,FrozenCommutant,1,2.359223927e-16,0.764819593,0.29695083,0.85391498
6,star,5.823939,1,1,0,FrozenCommutant,1,3.298143009e-16,0.772546921,0.265300498,0.943165344
6,star,6.584596,1,1,0,FrozenCommutant,1,1.248850664e-16,0.778567794,0.236481566,0.944312164
6,star,7.444602,5,5,0,FrozenCommutant,1,1.582935172e-16,0.783261819,0.210424099,0.453657807
6,star,8.416932,5,5,0,FrozenCommutant,1,8.153200337e-17,0.786923508,0.186985831,0.632201614
6,star,9.516257,1,1,0,FrozenCommutant,1,3.173184152e-17,0.789781381,0.165985722,0.947084963
6,star,10.759163,5,5,0,FrozenCommutant,1,1.01959897e-16,0.792012887,0.147225741,0.975452568
6,star,12.164404,5,5,0,FrozenCommutant,1,1.318389842e-16,0.79375596,0.130504702,0.715478467
6,star,13.753182,5,5,0,FrozenCommutant,1,1.138412281e-16,0.795117927,0.115626763,0.514762376
6,star,15.549467,1,1,0,FrozenCommutant,1,6.245004514e-17,0.796182378,0.102406387,0.284283984
6,star,17.580364,1,1,0,FrozenCommutant,1,1.50704102e-17,0.797014471,0.090670988,0.946065819
6,star,19.876513,1,1,0,FrozenCommutant,1,4.962490355e-16,0.797665031,0.08026207,0.968033617
6,star,22.472559,5,5,0,FrozenCommutant,1,2.91433544e-16,0.798173727,0.07103541,0.857563988
6,star,25.407672,1,1,0,FrozenCommutant,1,9.351243738e-19,0.798571534,0.062860662,0.926886883
6,star,28.726136,5,5,0,FrozenCommutant,1,3.80283912e-17,0.798882649,0.055620613,0.65937001
6,star,32.478021,5,5,0,FrozenCommutant,1,2.602085214e-16,0.799125981,0.049210264,0.879659583
6,star,36.719934,5,5,0,FrozenCommutant,1,1.261469228e-16,0.799316305,0.043535825,0.90632685
6,star,41.515878,1,1,0,FrozenCommutant,1,9.540979118e-17,0.799465176,0.038513706,0.652390771
6,star,46.938215,1,1,0,FrozenCommutant,1,5.681219384e-17,0.799581626,0.034069537,0.949437423
6,star,53.068756,1,1,0,FrozenCommutant,1,3.295976832e-16,0.799672717,0.030137232,0.996377184
6,star,60,5,5,0,FrozenCommutant,1,6.938893904e-18,0.799743973,0.026658132,0.602976685
7,chain,0.5,2,2,0,UnfreezingSeEp,1,1.009483559e-16,0.012438629,0.049754514,0.987579005
7,chain,0.565304,4,4,0,UnfreezingSeEp,1,4.130262108e-17,0.015921538,0.056329083,0.984107335
7,chain,0.639138,5,5,0,UnfreezingSeEp,1,3.052751671e-18,0.020387551,0.063797016,0.979659756
7,chain,0.722615,1,1,0,UnfreezingSeEp,1,6.380111299e-17,0.026119313,0.072291082,0.973958254
7,chain,0.816995,2,2,0,UnfreezingSeEp,1,6.840245819e-17,0.033484183,0.081969133,0.966643127
7,chain,0.923702,3,3,0,UnfreezingSeEp,1,3.680656226e-21,0.042961992,0.093021365,0.957247229
7,chain,1.044345,3,3,0,UnfreezingSeEp,1,8.326568501e-17,0.055183622,0.105680816,0.945160791
7,chain,1.180746,3,3,0,UnfreezingSeEp,1,1.63985197e-15,0.070985895,0.120239089,0.929582319
7,chain,1.334961,2,2,0,UnfreezingSeEp,1,2.913855402e-15,0.091492154,0.137070856,0.909448028
7,chain,1.509319,5,5,0,UnfreezingSeEp,1,2.463402401e-15,0.118235489,0.156673948,0.883326246
7,chain,1.706449,3,3,0,UnfreezingSeEp,1,5.095002662e-15,0.153357691,0.179738931,0.849250311
7,chain,1.929327,5,5,0,UnfreezingSeEp,1,4.267805352e-15,0.199954896,0.207279474,0.804432566
7,chain,2.181313,1,1,0,UnfreezingSeEp,1,5.858370348e-16,0.262742699,0.240903202,0.744717183
7,chain,2.466212,1,1,0,UnfreezingSeEp,1,1.255389429e-15,0.349542342,0.283464951,0.663348351
7,chain,2.788321,3,3,0,UnfreezingSeEp,1,1.762440475e-15,0.475504007,0.341068348,0.547389363
7,chain,3.1525,1,1,0,UnfreezingSeEp,1,1.182323514e-15,0.682555338,0.433024794,0.36062025
7,chain,3.564244,0,1,1,UnfreezingSeEp,0,1.847759065e+00,1,0.561128797,1
7,chain,4.029766,0,1,1,UnfreezingSeEp,0,7.653668647e-01,1,0.496306791,1
7,chain,4.556088,0,1,1,UnfreezingSeEp,0,1.414213562e+00,1,0.43897307,1
7,chain,5.151153,0,1,1,UnfreezingSeEp,0,1.414213562e+00,1,0.388262582,1
7,chain,5.823939,0,1,1,UnfreezingSeEp,0,1.414213562e+00,1,0.343410206,1
7,chain,6.584596,0,1,1,UnfreezingSeEp,0,1.847759065e+00,1,0.30373921,1
7,chain,7.444602,0,1,1,UnfreezingSeEp,1,4.423935557e-16,1,0.268651036,1
7,chain,8.416932,0,1,1,UnfreezingSeEp,0,1.847759065e+00,1,0.237616273,1
7,chain,9.516257,0,1,1,UnfreezingSeEp,0,1.847759065e+00,1,0.210166668,1
7,chain,10.759163,0,1,1,UnfreezingSeEp,0,1.847759065e+00,1,0.185888062,1
7,chain,12.164404,0,1,1,UnfreezingSeEp,1,1.437261224e-16,1,0.164414138,1
7,chain,13.753182,0,1,1,UnfreezingSeEp,0,7.653668647e-01,1,0.145420898,1
7,chain,15.549467,0,1,1,UnfreezingSeEp,0,1.414213562e+00,1,0.12862177,1
7,chain,17.580364,0,1,1,UnfreezingSeEp,0,1.847759065e+00,1,0.11376329,1
7,chain,19.876513,0,1,1,UnfreezingSeEp,0,1.414213562e+00,1,0.100621272,1
7,chain,22.472559,0,1,1,UnfreezingSeEp,0,1.414213562e+00,1,0.088997429,1
7,chain,25.407672,0,1,1,UnfreezingSeEp,0,1.414213562e+00,1,0.078716382,1
7,chain,28.726136,0,1,1,UnfreezingSeEp,0,1.414213562e+00,1,0.069623008,1
7,chain,32.478021,0,1,1,UnfreezingSeEp,0,7.653668647e-01,1,0.061580108,1
7,chain,36.719934,0,1,1,UnfreezingSeEp,0,1.414213562e+00,1,0.054466329,1
7,chain,41.515878,0,1,1,UnfreezingSeEp,0,7.653668647e-01,1,0.048174339,1
7,chain,46.938215,0,1,1,UnfreezingSeEp,0,1.414213562e+00,1,0.042609204,1
7,chain,53.068756,0,1,1,UnfreezingSeEp,1,3.704870633e-16,1,0.037686958,1
7,chain,60,0,1,1,UnfreezingSeEp,0,1.414213562e+00,1,0.033333333,1
7,ring,0.5,4,4,0,FrozenLevelCrossing,1,1.169316884e-15,0.047630952,0.190523807,0.952902757
7,ring,0.565304,2,2,0,FrozenLevelCrossing,1,5.15964112e-15,0.061093607,0.216144117,0.939793248
7,ring,0.639138,3,3,0,FrozenLevelCrossing,1,2.498819705e-15,0.078439937,0.245455376,0.922923522
7,ring,0.722615,2,2,0,FrozenLevelCrossing,1,2.634724616e-15,0.100844027,0.279108556,0.901290253
7,ring,0.816995,3,3,0,FrozenLevelCrossing,1,7.21643977e-16,0.129873426,0.317929574,0.874256084
7,ring,0.923702,4,4,0,FrozenLevelCrossing,1,6.726204593e-16,0.167650573,0.362997249,0.83907088
7,ring,1.044345,2,2,0,FrozenLevelCrossing,1,1.844878417e-15,0.217105368,0.415773222,0.794495648
7,ring,1.180746,2,2,0,FrozenLevelCrossing,1,2.584339671e-15,0.282394409,0.4783323,0.732877531
7,ring,1.334961,3,3,0,FrozenLevelCrossing,1,2.386979503e-15,0.369654158,0.553804996,0.66446266
7,ring,1.509319,3,3,0,FrozenLevelCrossing,1,1.824336335e-15,0.488509846,0.647324815,0.570958393
7,ring,1.706449,3,3,0,FrozenLevelCrossing,1,9.678453302e-16,0.655602094,0.768381548,0.451449338
7,ring,1.929327,3,3,0,FrozenLevelCrossing,1,9.546392398e-15,0.904574872,0.93771049,0.294756492
7,ring,2.181313,0,1,1,UnfreezingSeEp,0,1.801937736e+00,1,0.916878767,0.999502245
7,ring,2.466212,0,1,1,UnfreezingSeEp,0,1.246979604e+00,1,0.810960266,0.998715322
7,ring,2.788321,0,1,1,UnfreezingSeEp,0,1.801937736e+00,1,0.717277547,0.98982242
7,ring,3.1525,0,1,1,UnfreezingSeEp,0,4.450418679e-01,1,0.634417124,0.999951622
7,ring,3.564244,0,1,1,UnfreezingSeEp,0,4.450418679e-01,1,0.561128797,0.987953885
7,ring,4.029766,0,1,1,UnfreezingSeEp,0,1.801937736e+00,1,0.496306791,0.999664725
7,ring,4.556088,0,1,1,UnfreezingSeEp,0,1.246979604e+00,1,0.43897307,0.986455553
7,ring,5.151153,0,1,1,UnfreezingSeEp,0,1.801937736e+00,1,0.388262582,0.986384166
7,ring,5.823939,0,1,1,UnfreezingSeEp,0,1.801937736e+00,1,0.343410206,0.991497539
7,ring,6.584596,0,1,1,UnfreezingSeEp,0,1.246979604e+00,1,0.30373921,0.949985178
7,ring,7.444602,0,1,1,UnfreezingSeEp,0,1.246979604e+00,1,0.268651036,0.999119165
7,ring,8.416932,0,1,1,UnfreezingSeEp,0,4.450418679e-01,1,0.237616273,0.994921776
7,ring,9.516257,0,1,1,UnfreezingSeEp,0,1.246979604e+00,1,0.210166668,0.99197357
7,ring,10.759163,0,1,1,UnfreezingSeEp,0,4.450418679e-01,1,0.185888062,0.999946793
7,ring,12.164404,0,1,1,UnfreezingSeEp,0,1.246979604e+00,1,0.164414138,0.998014525
7,ring,13.753182,0,1,1,UnfreezingSeEp,0,2e+00,1,0.145420898,1
7,ring,15.549467,0,1,1,UnfreezingSeEp,0,1.801937736e+00,1,0.12862177,0.999145573
7,ring,17.580364,0,1,1,UnfreezingSeEp,0,1.801937736e+00,1,0.11376329,0.998769112
7,ring,19.876513,0,1,1,UnfreezingSeEp,0,1.801937736e+00,1,0.100621272,0.997666165
7,ring,22.472559,0,1,1,UnfreezingSeEp,0,1.801937736e+00,1,0.088997429,0.998116007
7,ring,25.407672,0,1,1,UnfreezingSeEp,0,1.801937736e+00,1,0.078716382,0.995143677
7,ring,28.726136,0,1,1,UnfreezingSeEp,0,2e+00,1,0.069623008,1
7,ring,32.478021,0,1,1,UnfreezingSeEp,0,1.246979604e+00,1,0.061580108,0.998535201
7,ring,36.719934,0,1,1,UnfreezingSeEp,0,2e+00,1,0.054466329,1
7,ring,41.515878,0,1,1,UnfreezingSeEp,0,1.246979604e+00,1,0.048174339,0.980470694
7,ring,46.938215,0,1,1,UnfreezingSeEp,0,1.246979604e+00,1,0.042609204,0.991951577
7,ring,53.068756,0,1,1,UnfreezingSeEp,0,1.801937736e+00,1,0.037686958,0.998884063
7,ring,60,0,1,1,UnfreezingSeEp,0,2e+00,1,0.033333333,1
7,star,0.5,6,6,0,FrozenCommutant,1,7.285838599e-17,0.060431336,0.241725342,0.711510029
7,star,0.565304,1,1,0,FrozenCommutant,1,2.417770845e-17,0.07646391,0.270522975,0.295293313
7,star,0.639138,6,6,0,FrozenCommutant,1,3.369108965e-16,0.096427067,0.301740961,0.41947464
7,star,0.722615,6,6,0,FrozenCommutant,1,1.026956192e-15,0.121049412,0.335031511,0.224666361
7,star,0.816995,6,6,0,FrozenCommutant,1,2.220446049e-16,0.151014861,0.369683715,0.624181237
7,star,0.923702,6,6,0,FrozenCommutant,1,6.911746753e-17,0.186802528,0.40446509,0.780029464
7,star,1.044345,1,1,0,FrozenCommutant,1,1.006139616e-15,0.228437611,0.437475326,0.729967042
7,star,1.180746,1,1,0,FrozenCommutant,1,1.461504529e-16,0.275187588,0.466125064,0.392595794
7,star,1.334961,1,1,0,FrozenCommutant,1,8.881784197e-16,0.325343909,0.487420684,0.760212403
7,star,1.509319,1,1,0,FrozenCommutant,1,1.273178374e-16,0.376325695,0.4986695,0.592885999
7,star,1.706449,1,1,0,FrozenCommutant,1,7.771561172e-16,0.425240194,0.498391816,0.446195116
7,star,1.929327,6,6,0,FrozenCommutant,1,4.512853442e-16,0.469669458,0.486873991,0.575339596
7,star,2.181313,6,6,0,FrozenCommutant,1,4.479923377e-16,0.508203145,0.465960673,0.621006554
7,star,2.466212,6,6,0,FrozenCommutant,1,2.064320936e-16,0.54047064,0.438300214,0.554150666
7,star,2.788321,6,6,0,FrozenCommutant,1,7.316620196e-16,0.566834125,0.406577391,0.811548429
7,star,3.1525,1,1,0,FrozenCommutant,1,1.249000903e-16,0.588025772,0.373053619,0.830455587
7,star,3.564244,6,6,0,FrozenCommutant,1,9.887923813e-17,0.604884007,0.339417835,0.885501459
7,star,4.029766,6,6,0,FrozenCommutant,1,1.595945598e-16,0.618208255,0.306820955,0.629394157
7,star,4.556088,1,1,0,FrozenCommutant,1,1.484272774e-16,0.628697351,0.275981206,0.708163306
7,star,5.151153,1,1,0,FrozenCommutant,1,2.576064362e-16,0.636934398,0.247297794,0.877209735
7,star,5.823939,1,1,0,FrozenCommutant,1,1.832301672e-16,0.643393279,0.220947819,0.964088709
7,star,6.584596,1,1,0,FrozenCommutant,1,8.635883901e-17,0.648453256,0.19696068,0.765995817
7,star,7.444602,6,6,0,FrozenCommutant,1,4.083105382e-16,0.652415118,0.175271997,0.902526746
7,star,8.416932,1,1,0,FrozenCommutant,1,1.151422707e-16,0.655516132,0.1557613,0.844796926
7,star,9.516257,6,6,0,FrozenCommutant,1,2.254056317e-16,0.657942848,0.138277656,0.908720299
7,star,10.759163,6,6,0,FrozenCommutant,1,3.924811864e-16,0.65984165,0.122656686,0.842742831
7,star,12.164404,1,1,0,FrozenCommutant,1,2.428612866e-17,0.661327268,0.108731553,0.824649369
7,star,13.753182,1,1,0,FrozenCommutant,1,1.249000903e-16,0.662489558,0.096339826,0.92492047
7,star,15.549467,6,6,0,FrozenCommutant,1,4.163336342e-17,0.663398862,0.085327536,0.806674049
7,star,17.580364,6,6,0,FrozenCommutant,1,4.510281038e-17,0.664110233,0.075551365,0.90805786
7,star,19.876513,1,1,0,FrozenCommutant,1,1.994931997e-17,0.664666751,0.066879614,0.964007523
7,star,22.472559,6,6,0,FrozenCommutant,1,4.163336342e-17,0.665102122,0.059192379,0.763388346
7,star,25.407672,1,1,0,FrozenCommutant,1,5.627920725e-16,0.665442715,0.052381243,0.993651389
7,star,28.726136,1,1,0,FrozenCommutant,1,4.563135893e-17,0.665709164,0.046348675,0.853085395
7,star,32.478021,1,1,0,FrozenCommutant,1,7.285838599e-17,0.665917609,0.041007278,0.965482541
7,star,36.719934,6,6,0,FrozenCommutant,1,2.87964097e-16,0.666080676,0.036278969,0.838215421
7,star,41.515878,6,6,0,FrozenCommutant,1,2.604940619e-16,0.666208244,0.032094142,0.558157411
7,star,46.938215,6,6,0,FrozenCommutant,1,2.870967353e-16,0.666308041,0.028390855,0.797494474
7,star,53.068756,6,6,0,FrozenCommutant,1,3.053113318e-16,0.666386112,0.025114065,0.825622227
7,star,60,1,1,0,FrozenCommutant,1,1.301042607e-17,0.666447188,0.022214906,0.990960189
