N,topo,Qstar,Q,delta,signedDelta,imMax,rigidity,K,rate
4,chain,1.878584,1.874584,0.004,-0.004,5.568598177e-16,0.065648629,232.0324,1.011506261
4,chain,1.878584,1.874095,0.004489,-0.004489,6.852155214e-17,0.06939619,207.6485,1.007721789
4,chain,1.878584,1.873547,0.005037,-0.005037,2.967367865e-15,0.073372757,185.7506,1.003719309
4,chain,1.878584,1.872932,0.005652,-0.005652,1.436457333e-16,0.077591363,166.1014,0.99948795
4,chain,1.878584,1.872242,0.006342,-0.006342,3.711102656e-16,0.082065803,148.4826,0.99501635
4,chain,1.878584,1.871467,0.007117,-0.007117,9.402478089e-16,0.086810671,132.6948,0.990292647
4,chain,1.878584,1.870598,0.007986,-0.007986,6.68309293e-16,0.0918414,118.5559,0.985304467
4,chain,1.878584,1.869622,0.008962,-0.008962,3.94393932e-16,0.097174309,105.9003,0.980038913
4,chain,1.878584,1.868528,0.010056,-0.010056,1.412624946e-15,0.102826638,94.5777,0.974482556
4,chain,1.878584,1.8673,0.011284,-0.011284,1.182127889e-15,0.108816602,84.452,0.968621424
4,chain,1.878584,1.865921,0.012663,-0.012663,2.134976333e-15,0.115163426,75.3999,0.962440993
4,chain,1.878584,1.864375,0.014209,-0.014209,2.956333475e-15,0.121887398,67.3104,0.955926183
4,chain,1.878584,1.862639,0.015945,-0.015945,2.315686507e-15,0.129009908,60.0833,0.949061346
4,chain,1.878584,1.860692,0.017892,-0.017892,1.636729347e-15,0.136553494,53.6283,0.941830264
4,chain,1.878584,1.858506,0.020078,-0.020078,7.27982318e-16,0.144541886,47.8644,0.934216144
4,chain,1.878584,1.856054,0.02253,-0.02253,1.29172751e-15,0.153000044,42.7186,0.926201607
4,chain,1.878584,1.853302,0.025282,-0.025282,1.296470277e-15,0.161954197,38.1255,0.91776869
4,chain,1.878584,1.850215,0.028369,-0.028369,1.134512415e-15,0.171431877,34.0265,0.908898838
4,chain,1.878584,1.84675,0.031834,-0.031834,1.942890293e-16,0.181461943,30.3689,0.899572898
4,chain,1.878584,1.842861,0.035723,-0.035723,1.283695372e-15,0.192074601,27.1057,0.889771111
4,chain,1.878584,1.838498,0.040086,-0.040086,5.734851379e-16,0.203301415,24.1946,0.879473106
4,chain,1.878584,1.833602,0.044982,-0.044982,1.326371417e-15,0.2151753,21.5981,0.868657885
4,chain,1.878584,1.828108,0.050476,-0.050476,1.670198583e-16,0.227730501,19.2822,0.857303809
4,chain,1.878584,1.821943,0.056641,-0.056641,6.734491596e-16,0.241002555,17.217,0.845388574
4,chain,1.878584,1.815025,0.063559,-0.063559,1.035097333e-15,0.255028217,15.3753,0.832889184
4,chain,1.878584,1.807262,0.071322,-0.071322,9.824832741e-16,0.269845366,13.7331,0.819781908
4,chain,1.878584,1.798551,0.080033,-0.080033,2.592900656e-16,0.285492859,12.269,0.806042232
4,chain,1.878584,1.788776,0.089808,-0.089808,1.560585712e-16,0.302010346,10.9637,0.791644791
4,chain,1.878584,1.777807,0.100777,-0.100777,1.849850014e-16,0.319438013,9.8,0.77656328
4,chain,1.878584,1.765498,0.113085,-0.113085,1.933337353e-16,0.337816255,8.7627,0.760770344
4,chain,1.878584,1.751686,0.126898,-0.126898,1.040065645e-15,0.357185255,7.8381,0.744237438
4,chain,1.878584,1.736187,0.142397,-0.142397,1.32943768e-15,0.377584443,7.0141,0.726934645
4,chain,1.878584,1.718795,0.159789,-0.159789,1.705374135e-16,0.399051808,6.2797,0.708830455
4,chain,1.878584,1.699279,0.179305,-0.179305,4.759455037e-16,0.421623038,5.6254,0.689891481
4,chain,1.878584,1.677379,0.201205,-0.201205,2.210838537e-16,0.445330425,5.0424,0.670082112
4,chain,1.878584,1.652804,0.22578,-0.22578,5.621320981e-16,0.470201499,4.5231,0.649364075
4,chain,1.878584,1.625228,0.253356,-0.253356,7.901575891e-17,0.4962573,4.0606,0.627695894
4,chain,1.878584,1.594283,0.284301,-0.284301,4.969564997e-16,0.523510215,3.6488,0.605032221
4,chain,1.878584,1.559559,0.319025,-0.319025,4.222028091e-17,0.551961252,3.2823,0.581322992
4,chain,1.878584,1.520594,0.35799,-0.35799,7.467893221e-16,0.581596593,2.9564,0.556512386
4,chain,1.878584,1.476869,0.401714,-0.401714,2.708801373e-16,0.612383243,2.6666,0.530537512
4,chain,1.878584,1.427805,0.450779,-0.450779,1.205796021e-15,0.644263503,2.4092,0.503326761
4,chain,1.878584,1.372747,0.505837,-0.505837,2.849958837e-15,0.677147922,2.1809,0.4747977
4,chain,1.878584,1.310965,0.567619,-0.567619,4.903185737e-16,0.710906271,1.9787,0.444854387
4,chain,1.878584,1.241637,0.636947,-0.636947,2.101803948e-15,0.745355922,1.8,0.413383881
4,chain,1.878584,1.163841,0.714743,-0.714743,3.795294447e-16,0.780246777,1.6426,0.380251665
4,chain,1.878584,1.076544,0.80204,-0.80204,1.635086363e-15,0.8152416,1.5046,0.34529552
4,chain,1.878584,0.978584,0.9,-0.9,1.655344497e-16,0.849890102,1.3844,0.308317216
4,chain,1.878584,1.882584,0.004,0.004,6.784266061e-02,0.063105053,251.1145,1.077778346
4,chain,1.878584,1.883072,0.004489,0.004489,7.200922731e-02,0.066979476,222.9033,1.077506639
4,chain,1.878584,1.883621,0.005037,0.005037,7.641111154e-02,0.071072485,197.9689,1.077201918
4,chain,1.878584,1.884236,0.005652,0.005652,8.106232329e-02,0.075397051,175.9103,1.076860192
4,chain,1.878584,1.884926,0.006342,0.006342,8.597756929e-02,0.079966783,156.3798,1.076476997
4,chain,1.878584,1.885701,0.007117,0.007117,9.117228047e-02,0.084795949,139.0752,1.076047339
4,chain,1.878584,1.88657,0.007986,0.007986,9.666263735e-02,0.089899495,123.733,1.075565628
4,chain,1.878584,1.887545,0.008962,0.008962,1.024655928e-01,0.095293071,110.1228,1.075025618
4,chain,1.878584,1.88864,0.010056,0.010056,1.085988916e-01,0.100993036,98.0431,1.074420325
4,chain,1.878584,1.889868,0.011284,0.011284,1.150810852e-01,0.107016474,87.317,1.07374195
4,chain,1.878584,1.891247,0.012663,0.012663,1.219315416e-01,0.113381196,77.789,1.072981782
4,chain,1.878584,1.892793,0.014209,0.014209,1.291704479e-01,0.120105735,69.3222,1.072130105
4,chain,1.878584,1.894529,0.015945,0.015945,1.368188052e-01,0.127209336,61.7962,1.071176084
4,chain,1.878584,1.896476,0.017892,0.017892,1.448984126e-01,0.134711932,55.1046,1.070107649
4,chain,1.878584,1.898661,0.020078,0.020078,1.534318389e-01,0.142634105,49.1534,1.068911364
4,chain,1.878584,1.901114,0.02253,0.02253,1.6244238e-01,0.150997038,43.8594,1.067572287
4,chain,1.878584,1.903865,0.025282,0.025282,1.71953998e-01,0.159822444,39.1493,1.066073822
4,chain,1.878584,1.906953,0.028369,0.028369,1.819912389e-01,0.169132469,34.958,1.064397559
4,chain,1.878584,1.910418,0.031834,0.031834,1.925791259e-01,0.178949577,31.2276,1.062523103
4,chain,1.878584,1.914306,0.035723,0.035723,2.03743023e-01,0.189296396,27.9071,1.060427899
4,chain,1.878584,1.91867,0.040086,0.040086,2.15508465e-01,0.200195534,24.9512,1.058087045
4,chain,1.878584,1.923566,0.044982,0.044982,2.279009474e-01,0.211669354,22.3195,1.055473109
4,chain,1.878584,1.92906,0.050476,0.050476,2.409456725e-01,0.223739693,19.9762,1.052555936
4,chain,1.878584,1.935225,0.056641,0.056641,2.546672426e-01,0.236427537,17.8897,1.04930247
4,chain,1.878584,1.942143,0.063559,0.063559,2.690892975e-01,0.249752627,16.0317,1.045676583
4,chain,1.878584,1.949905,0.071322,0.071322,2.842340861e-01,0.263733003,14.3771,1.041638918
4,chain,1.878584,1.958617,0.080033,0.080033,3.001219691e-01,0.278384463,12.9036,1.037146769
4,chain,1.878584,1.968392,0.089808,0.089808,3.167708447e-01,0.293719947,11.5913,1.032154
4,chain,1.878584,1.979361,0.100777,0.100777,3.341954939e-01,0.309748829,10.4227,1.026611018
4,chain,1.878584,1.991669,0.113085,0.113085,3.52406842e-01,0.326476113,9.382,1.020464819
4,chain,1.878584,2.005481,0.126898,0.126898,3.714111356e-01,0.343901534,8.4554,1.013659135
4,chain,1.878584,2.02098,0.142397,0.142397,3.912090394e-01,0.36201856,7.6302,1.006134688
4,chain,1.878584,2.038373,0.159789,0.159789,4.117946579e-01,0.380813306,6.8957,0.997829593
4,chain,1.878584,2.057889,0.179305,0.179305,4.331544982e-01,0.400263356,6.2418,0.988679926
4,chain,1.878584,2.079789,0.201205,0.201205,4.552663929e-01,0.420336528,5.6599,0.978620489
4,chain,1.878584,2.104364,0.22578,0.22578,4.780984115e-01,0.440989583,5.1421,0.967585798
4,chain,1.878584,2.13194,0.253356,0.253356,5.016078007e-01,0.462166936,4.6817,0.955511314
4,chain,1.878584,2.162885,0.284301,0.284301,5.257400006e-01,0.483799386,4.2724,0.942334937
4,chain,1.878584,2.197609,0.319025,0.319025,5.504277956e-01,0.505802936,3.9087,0.927998772
4,chain,1.878584,2.236574,0.35799,0.35799,5.755906685e-01,0.528077756,3.586,0.912451152
4,chain,1.878584,2.280298,0.401714,0.401714,6.011344317e-01,0.550507369,3.2997,0.895648901
4,chain,1.878584,2.329363,0.450779,0.450779,6.269512131e-01,0.572958135,3.0462,0.877559786
4,chain,1.878584,2.384421,0.505837,0.505837,6.529198718e-01,0.595279121,2.822,0.858165092
4,chain,1.878584,2.446203,0.567619,0.567619,6.789069073e-01,0.617302453,2.6242,0.837462201
4,chain,1.878584,2.515531,0.636947,0.636947,7.047679071e-01,0.638844251,2.4502,0.815467069
4,chain,1.878584,2.593326,0.714743,0.714743,7.303495492e-01,0.659706254,2.2977,0.792216419
4,chain,1.878584,2.680624,0.80204,0.80204,7.554921361e-01,0.679678273,2.1647,0.767769496
4,chain,1.878584,2.778584,0.9,0.9,7.80032592e-01,0.698541681,2.0493,0.74220918
4,ring,1.878584,1.874584,0.004,-0.004,5.440333802e-18,0.763497243,1.7155,0.895235411
4,ring,1.878584,1.874095,0.004489,-0.004489,4.518237108e-17,0.76533712,1.7072,0.895370881
4,ring,1.878584,1.873547,0.005037,-0.005037,2.017767445e-16,0.590933885,2.8637,0.895522884
4,ring,1.878584,1.872932,0.005652,-0.005652,1.559506004e-15,0.679351959,2.1668,0.895693435
4,ring,1.878584,1.872242,0.006342,-0.006342,0e+00,0.467988502,4.5659,0.895884795
4,ring,1.878584,1.871467,0.007117,-0.007117,2.551515939e-17,0.713091172,1.9666,0.896099499
4,ring,1.878584,1.870598,0.007986,-0.007986,3.892641553e-16,0.765585765,1.7061,0.896340392
4,ring,1.878584,1.869622,0.008962,-0.008962,3.330669074e-16,0.697479434,2.0556,0.896610661
4,ring,1.878584,1.868528,0.010056,-0.010056,2.491102722e-16,0.755421521,1.7524,0.896913883
4,ring,1.878584,1.8673,0.011284,-0.011284,5.845726296e-16,0.694328257,2.0743,0.897254065
4,ring,1.878584,1.865921,0.012663,-0.012663,1.57081648e-16,0.751948233,1.7686,0.897635701
4,ring,1.878584,1.864375,0.014209,-0.014209,3.330669074e-16,0.75273482,1.7649,0.898063826
4,ring,1.878584,1.862639,0.015945,-0.015945,6.68859504e-17,0.757965809,1.7406,0.898544083
4,ring,1.878584,1.860692,0.017892,-0.017892,5.895239397e-16,0.736239307,1.8449,0.899082792
4,ring,1.878584,1.858506,0.020078,-0.020078,7.620249192e-18,0.764370667,1.7116,0.899687034
4,ring,1.878584,1.856054,0.02253,-0.02253,9.736135509e-17,0.677606357,2.1779,0.900364731
4,ring,1.878584,1.853302,0.025282,-0.025282,5.776629175e-16,0.687848762,2.1136,0.901124751
4,ring,1.878584,1.850215,0.028369,-0.028369,1.110223025e-16,0.646278865,2.3942,0.90197701
4,ring,1.878584,1.84675,0.031834,-0.031834,4.440892099e-16,0.69215395,2.0873,0.90293259
4,ring,1.878584,1.842861,0.035723,-0.035723,1.277840083e-15,0.713968011,1.9617,0.904003867
4,ring,1.878584,1.838498,0.040086,-0.040086,8.326672685e-17,0.59684189,2.8073,0.905204642
4,ring,1.878584,1.833602,0.044982,-0.044982,4.155204826e-17,0.610988783,2.6788,0.906550291
4,ring,1.878584,1.828108,0.050476,-0.050476,7.21644966e-16,0.68285476,2.1446,0.908057914
4,ring,1.878584,1.821943,0.056641,-0.056641,3.688455791e-16,0.728261891,1.8855,0.909746485
4,ring,1.878584,1.815025,0.063559,-0.063559,1.901130994e-17,0.721236321,1.9224,0.911636999
4,ring,1.878584,1.807262,0.071322,-0.071322,2.848870323e-16,0.541561259,3.4096,0.913752606
4,ring,1.878584,1.798551,0.080033,-0.080033,4.003292776e-18,0.712310997,1.9709,0.916118704
4,ring,1.878584,1.788776,0.089808,-0.089808,1.890938961e-15,0.747512621,1.7896,0.918762983
4,ring,1.878584,1.777807,0.100777,-0.100777,2.68014777e-16,0.678280507,2.1736,0.921715362
4,ring,1.878584,1.765498,0.113085,-0.113085,6.4878658e-16,0.745271819,1.8004,0.92500777
4,ring,1.878584,1.751686,0.126898,-0.126898,9.154635039e-17,0.624036609,2.5679,0.928673674
4,ring,1.878584,1.736187,0.142397,-0.142397,5.551115123e-16,0.68579406,2.1262,0.932747204
4,ring,1.878584,1.718795,0.159789,-0.159789,4.742764119e-20,0.690141138,2.0995,0.937261675
4,ring,1.878584,1.699279,0.179305,-0.179305,6.383782392e-16,0.391345797,6.5295,0.942247141
4,ring,1.878584,1.677379,0.201205,-0.201205,3.534499082e-16,0.572440488,3.0517,0.947726471
4,ring,1.878584,1.652804,0.22578,-0.22578,4.440892099e-16,0.566879272,3.1119,0.953709104
4,ring,1.878584,1.625228,0.253356,-0.253356,0e+00,0.209532994,22.7769,0.9601812
4,ring,1.878584,1.594283,0.284301,-0.284301,1.821935584e-17,0.667705342,2.243,0.967090101
4,ring,1.878584,1.559559,0.319025,-0.319025,0e+00,0.61564208,2.6384,0.974319872
4,ring,1.878584,1.520594,0.35799,-0.35799,1.110223025e-16,0.547899218,3.3312,0.981652815
4,ring,1.878584,1.476869,0.401714,-0.401714,1.33226763e-15,0.501593965,3.9746,0.98870915
4,ring,1.878584,1.427805,0.450779,-0.450779,3.330669074e-16,0.597206369,2.8038,0.99485349
4,ring,1.878584,1.372747,0.505837,-0.505837,5.551115123e-16,0.619018295,2.6097,0.999053405
4,ring,1.878584,1.310965,0.567619,-0.567619,4.761662417e-16,0.598231347,2.7942,0.999676766
4,ring,1.878584,1.241637,0.636947,-0.636947,2.081777956e-15,0.525621196,3.6195,0.994233386
4,ring,1.878584,1.163841,0.714743,-0.714743,1.165951016e-15,0.641179512,2.4324,0.979129902
4,ring,1.878584,1.076544,0.80204,-0.80204,2.661391073e-15,0.66040406,2.2929,0.949643219
4,ring,1.878584,0.978584,0.9,-0.9,3.633852844e-16,0.679963434,2.1629,0.900466287
4,ring,1.878584,1.882584,0.004,0.004,4.787836794e-16,0.663230489,2.2734,0.893015569
4,ring,1.878584,1.883072,0.004489,0.004489,1.110223025e-16,0.648532121,2.3776,0.892879916
4,ring,1.878584,1.883621,0.005037,0.005037,1.927607701e-16,0.757051844,1.7448,0.892727684
4,ring,1.878584,1.884236,0.005652,0.005652,1.040575803e-15,0.689004948,2.1065,0.892556843
4,ring,1.878584,1.884926,0.006342,0.006342,4.884143022e-16,0.627564915,2.5391,0.892365118
4,ring,1.878584,1.885701,0.007117,0.007117,1.062304677e-15,0.712044205,1.9724,0.892149955
4,ring,1.878584,1.88657,0.007986,0.007986,9.473008027e-17,0.766492426,1.7021,0.891908484
4,ring,1.878584,1.887545,0.008962,0.008962,2.081668171e-17,0.762584102,1.7196,0.891637486
4,ring,1.878584,1.88864,0.010056,0.010056,2.220446049e-16,0.460923349,4.707,0.891333347
4,ring,1.878584,1.889868,0.011284,0.011284,1.17981459e-16,0.770043595,1.6864,0.890992009
4,ring,1.878584,1.891247,0.012663,0.012663,7.771561172e-16,0.767779751,1.6964,0.890608918
4,ring,1.878584,1.892793,0.014209,0.014209,9.019884449e-17,0.762137115,1.7216,0.890178959
4,ring,1.878584,1.894529,0.015945,0.015945,7.771561172e-16,0.731874714,1.8669,0.889696392
4,ring,1.878584,1.896476,0.017892,0.017892,6.661338148e-16,0.574775397,3.0269,0.88915477
4,ring,1.878584,1.898661,0.020078,0.020078,4.059252934e-16,0.454066022,4.8502,0.888546859
4,ring,1.878584,1.901114,0.02253,0.02253,5.090138883e-16,0.760371318,1.7296,0.887864536
4,ring,1.878584,1.903865,0.025282,0.025282,2.775557562e-17,0.421402767,5.6313,0.887098682
4,ring,1.878584,1.906953,0.028369,0.028369,4.718447855e-16,0.751243997,1.7719,0.886239063
4,ring,1.878584,1.910418,0.031834,0.031834,4.409024187e-17,0.77175039,1.679,0.885274193
4,ring,1.878584,1.914306,0.035723,0.035723,2.027458063e-17,0.757915194,1.7408,0.884191186
4,ring,1.878584,1.91867,0.040086,0.040086,6.583510643e-17,0.558673788,3.2039,0.882975584
4,ring,1.878584,1.923566,0.044982,0.044982,1.857060445e-16,0.759842304,1.732,0.881611178
4,ring,1.878584,1.92906,0.050476,0.050476,3.885780586e-16,0.735761161,1.8473,0.880079801
4,ring,1.878584,1.935225,0.056641,0.056641,1.110223025e-16,0.758111912,1.7399,0.8783611
4,ring,1.878584,1.942143,0.063559,0.063559,4.2378943e-16,0.742298909,1.8149,0.876432302
4,ring,1.878584,1.949905,0.071322,0.071322,5.551115123e-17,0.76333784,1.7162,0.87426794
4,ring,1.878584,1.958617,0.080033,0.080033,1.102739489e-16,0.725635321,1.8992,0.87183958
4,ring,1.878584,1.968392,0.089808,0.089808,0e+00,0.384815516,6.753,0.869115519
4,ring,1.878584,1.979361,0.100777,0.100777,1.110223025e-16,0.537579619,3.4603,0.866060486
4,ring,1.878584,1.991669,0.113085,0.113085,0e+00,0.78201088,1.6352,0.862635334
4,ring,1.878584,2.005481,0.126898,0.126898,3.330669074e-16,0.744727627,1.803,0.858796744
4,ring,1.878584,2.02098,0.142397,0.142397,2.327892179e-16,0.758762284,1.737,0.854496965
4,ring,1.878584,2.038373,0.159789,0.159789,1.333907485e-16,0.772666191,1.675,0.849683592
4,ring,1.878584,2.057889,0.179305,0.179305,3.330669074e-16,0.739888013,1.8267,0.844299441
4,ring,1.878584,2.079789,0.201205,0.201205,2.220446049e-16,0.772972281,1.6737,0.838282522
4,ring,1.878584,2.104364,0.22578,0.22578,6.661338148e-16,0.762417372,1.7203,0.831566193
4,ring,1.878584,2.13194,0.253356,0.253356,3.20474182e-16,0.795965885,1.5784,0.824079519
4,ring,1.878584,2.162885,0.284301,0.284301,1.165477763e-16,0.799388493,1.5649,0.815747908
4,ring,1.878584,2.197609,0.319025,0.319025,2.063225046e-16,0.802785552,1.5517,0.80649409
4,ring,1.878584,2.236574,0.35799,0.35799,2.343262865e-16,0.807724171,1.5328,0.796239494
4,ring,1.878584,2.280298,0.401714,0.401714,5.043979557e-16,0.681922192,2.1505,0.784906078
4,ring,1.878584,2.329363,0.450779,0.450779,3.330669074e-16,0.832692905,1.4422,0.772418654
4,ring,1.878584,2.384421,0.505837,0.505837,1.847751552e-16,0.840403595,1.4159,0.7587077
4,ring,1.878584,2.446203,0.567619,0.567619,1.380080706e-16,0.797395646,1.5727,0.743712636
4,ring,1.878584,2.515531,0.636947,0.636947,2.087577996e-17,0.817215206,1.4974,0.727385461
4,ring,1.878584,2.593326,0.714743,0.714743,2.116362641e-16,0.850942012,1.381,0.70969461
4,ring,1.878584,2.680624,0.80204,0.80204,3.704977698e-17,0.787568493,1.6122,0.690628802
4,ring,1.878584,2.778584,0.9,0.9,9.357959895e-17,0.638643261,2.4518,0.670200618
4,star,1.878584,1.874584,0.004,-0.004,1.647824672e-15,0.768790511,1.6919,1.326473669
4,star,1.878584,1.874095,0.004489,-0.004489,4.597559312e-16,0.773348766,1.672,1.326759412
4,star,1.878584,1.873547,0.005037,-0.005037,3.191880297e-16,0.776150337,1.66,1.327080162
4,star,1.878584,1.872932,0.005652,-0.005652,2.251068395e-16,0.755477158,1.7521,1.327440223
4,star,1.878584,1.872242,0.006342,-0.006342,9.991888599e-16,0.704787207,2.0132,1.327844431
4,star,1.878584,1.871467,0.007117,-0.007117,6.6613381e-16,0.775853874,1.6613,1.328298221
4,star,1.878584,1.870598,0.007986,-0.007986,3.544151738e-16,0.74855324,1.7847,1.328807706
4,star,1.878584,1.869622,0.008962,-0.008962,2.081668171e-17,0.745043216,1.8015,1.329379757
4,star,1.878584,1.868528,0.010056,-0.010056,2.203098814e-16,0.735565172,1.8482,1.330022103
4,star,1.878584,1.8673,0.011284,-0.011284,1.221248093e-15,0.757804403,1.7413,1.33074344
4,star,1.878584,1.865921,0.012663,-0.012663,1.713039433e-16,0.758260192,1.7393,1.331553556
4,star,1.878584,1.864375,0.014209,-0.014209,1.110223025e-16,0.772580983,1.6754,1.332463467
4,star,1.878584,1.862639,0.015945,-0.015945,1.51953645e-15,0.762908406,1.7181,1.333485583
4,star,1.878584,1.860692,0.017892,-0.017892,1.110206161e-16,0.77148557,1.6801,1.334633884
4,star,1.878584,1.858506,0.020078,-0.020078,6.239041402e-16,0.751542487,1.7705,1.33592413
4,star,1.878584,1.856054,0.02253,-0.02253,6.464671722e-16,0.76692175,1.7002,1.337374096
4,star,1.878584,1.853302,0.025282,-0.025282,2.220445101e-16,0.748315752,1.7858,1.33900384
4,star,1.878584,1.850215,0.028369,-0.028369,1.10998004e-16,0.747544107,1.7895,1.340836009
4,star,1.878584,1.84675,0.031834,-0.031834,8.187894807e-16,0.170040629,34.5855,1.334453298
4,star,1.878584,1.842861,0.035723,-0.035723,3.016126301e-16,0.174742842,32.7492,1.327190923
4,star,1.878584,1.838498,0.040086,-0.040086,1.776356839e-15,0.161569324,38.3074,1.319171669
4,star,1.878584,1.833602,0.044982,-0.044982,1.770275471e-15,0.137742184,52.7067,1.310329853
4,star,1.878584,1.828108,0.050476,-0.050476,4.204969706e-15,0.162855328,37.7047,1.300596521
4,star,1.878584,1.821943,0.056641,-0.056641,7.994364719e-16,0.194069503,26.5513,1.28989967
4,star,1.878584,1.815025,0.063559,-0.063559,3.837476586e-16,0.136028914,54.0428,1.278164531
4,star,1.878584,1.807262,0.071322,-0.071322,1.776356839e-15,0.168463913,35.236,1.265313889
4,star,1.878584,1.798551,0.080033,-0.080033,8.396061624e-16,0.074628624,179.5515,1.251268436
4,star,1.878584,1.788776,0.089808,-0.089808,2.226653107e-15,0.193756095,26.6372,1.235947141
4,star,1.878584,1.777807,0.100777,-0.100777,4.996002694e-16,0.215314709,21.5701,1.219267624
4,star,1.878584,1.765498,0.113085,-0.113085,1.703417131e-15,0.230051825,18.8951,1.201146497
4,star,1.878584,1.751686,0.126898,-0.126898,1.766908604e-15,0.235467256,18.0359,1.181499654
4,star,1.878584,1.736187,0.142397,-0.142397,1.998401444e-15,0.228996714,19.0696,1.16024248
4,star,1.878584,1.718795,0.159789,-0.159789,7.416461559e-16,0.271937954,13.5226,1.137289955
4,star,1.878584,1.699279,0.179305,-0.179305,1.296544235e-15,0.199911548,25.0221,1.112556601
4,star,1.878584,1.677379,0.201205,-0.201205,2.276824562e-16,0.295361118,11.4629,1.085956264
4,star,1.878584,1.652804,0.22578,-0.22578,4.996003611e-16,0.278907583,12.8552,1.057401676
4,star,1.878584,1.625228,0.253356,-0.253356,9.852435379e-16,0.277020774,13.0309,1.026803763
4,star,1.878584,1.594283,0.284301,-0.284301,8.394977422e-16,0.365881902,7.47,0.994070663
4,star,1.878584,1.559559,0.319025,-0.319025,8.300651833e-16,0.382881025,6.8214,0.959106382
4,star,1.878584,1.520594,0.35799,-0.35799,5.515319511e-16,0.426989015,5.4849,0.921809037
4,star,1.878584,1.476869,0.401714,-0.401714,6.939159943e-16,0.418173287,5.7186,0.882068591
4,star,1.878584,1.427805,0.450779,-0.450779,1.975850039e-15,0.481797275,4.308,0.839763949
4,star,1.878584,1.372747,0.505837,-0.505837,1.332267681e-15,0.509430919,3.8533,0.794759256
4,star,1.878584,1.310965,0.567619,-0.567619,1.12800394e-15,0.557264754,3.2202,0.746899166
4,star,1.878584,1.241637,0.636947,-0.636947,6.700369426e-16,0.552701132,3.2736,0.696002719
4,star,1.878584,1.163841,0.714743,-0.714743,2.727635826e-15,0.659873825,2.2966,0.641855352
4,star,1.878584,1.076544,0.80204,-0.80204,1.785057562e-15,0.684451209,2.1346,0.584198303
4,star,1.878584,0.978584,0.9,-0.9,3.429057641e-17,0.739442098,1.8289,0.522714293
4,star,1.878584,1.882584,0.004,0.004,1.457099552e-16,0.768024547,1.6953,1.321807456
4,star,1.878584,1.883072,0.004489,0.004489,1.443291451e-15,0.776777553,1.6573,1.321523275
4,star,1.878584,1.883621,0.005037,0.005037,7.541710312e-16,0.740313221,1.8246,1.321204493
4,star,1.878584,1.884236,0.005652,0.005652,6.661945637e-16,0.778345577,1.6507,1.32084691
4,star,1.878584,1.884926,0.006342,0.006342,4.440978866e-16,0.767950045,1.6956,1.320445822
4,star,1.878584,1.885701,0.007117,0.007117,2.215325247e-16,0.720517764,1.9262,1.31999596
4,star,1.878584,1.88657,0.007986,0.007986,1.92120625e-16,0.601416413,2.7647,1.319491422
4,star,1.878584,1.887545,0.008962,0.008962,3.624911379e-16,0.771506167,1.68,1.3189256
4,star,1.878584,1.88864,0.010056,0.010056,9.45633072e-16,0.776583485,1.6581,1.318291097
4,star,1.878584,1.889868,0.011284,0.011284,3.330662762e-16,0.777652093,1.6536,1.317579636
4,star,1.878584,1.891247,0.012663,0.012663,2.22048077e-16,0.681470965,2.1533,1.316781955
4,star,1.878584,1.892793,0.014209,0.014209,1.757437511e-15,0.773833472,1.67,1.315887702
4,star,1.878584,1.894529,0.015945,0.015945,1.136243877e-16,0.734682741,1.8527,1.314885301
4,star,1.878584,1.896476,0.017892,0.017892,4.490680695e-16,0.782476513,1.6333,1.313761823
4,star,1.878584,1.898661,0.020078,0.020078,1.110223025e-16,0.613653793,2.6555,1.312502831
4,star,1.878584,1.901114,0.02253,0.02253,5.495149241e-17,0.782261976,1.6342,1.311092217
4,star,1.878584,1.903865,0.025282,0.025282,2.688821388e-17,0.776535359,1.6584,1.309512018
4,star,1.878584,1.906953,0.028369,0.028369,7.788306351e-16,0.77963857,1.6452,1.307742224
4,star,1.878584,1.910418,0.031834,0.031834,8.817037305e-16,0.779080536,1.6475,1.305760562
4,star,1.878584,1.914306,0.035723,0.035723,5.251604273e-16,0.786521565,1.6165,1.303542267
4,star,1.878584,1.91867,0.040086,0.040086,4.983398305e-16,0.787429597,1.6128,1.301059837
4,star,1.878584,1.923566,0.044982,0.044982,1.1379786e-15,0.76136992,1.7251,1.298282775
4,star,1.878584,1.92906,0.050476,0.050476,7.771529151e-16,0.78214388,1.6347,1.295177313
4,star,1.878584,1.935225,0.056641,0.056641,8.620543267e-16,0.741576763,1.8184,1.291706129
4,star,1.878584,1.942143,0.063559,0.063559,7.203972203e-16,0.771758626,1.6789,1.287828063
4,star,1.878584,1.949905,0.071322,0.071322,2.53513573e-16,0.77889205,1.6483,1.283497826
4,star,1.878584,1.958617,0.080033,0.080033,3.737593408e-16,0.778128513,1.6516,1.278665725
4,star,1.878584,1.968392,0.089808,0.089808,4.863085228e-16,0.574274443,3.0322,1.273277408
4,star,1.878584,1.979361,0.100777,0.100777,2.498001805e-16,0.772637254,1.6751,1.267273643
4,star,1.878584,1.991669,0.113085,0.113085,1.245375185e-15,0.800546191,1.5604,1.260590155
4,star,1.878584,2.005481,0.126898,0.126898,7.910349987e-16,0.805424344,1.5415,1.253157543
4,star,1.878584,2.02098,0.142397,0.142397,3.478880481e-16,0.805370021,1.5417,1.244901299
4,star,1.878584,2.038373,0.159789,0.159789,8.996963203e-16,0.789843598,1.6029,1.235741975
4,star,1.878584,2.057889,0.179305,0.179305,5.457992321e-16,0.722956157,1.9133,1.225595531
4,star,1.878584,2.079789,0.201205,0.201205,1.779610963e-16,0.812837956,1.5135,1.214373902
4,star,1.878584,2.104364,0.22578,0.22578,8.072427275e-16,0.814349225,1.5079,1.201985852
4,star,1.878584,2.13194,0.253356,0.253356,3.068724135e-16,0.825517946,1.4674,1.188338138
4,star,1.878584,2.162885,0.284301,0.284301,6.603875433e-16,0.822111585,1.4796,1.173337065
4,star,1.878584,2.197609,0.319025,0.319025,3.331074303e-16,0.836245174,1.43,1.156890438
4,star,1.878584,2.236574,0.35799,0.35799,2.220446378e-16,0.53508747,3.4926,1.13890997
4,star,1.878584,2.280298,0.401714,0.401714,1.394283994e-16,0.8351358,1.4338,1.119314138
4,star,1.878584,2.329363,0.450779,0.450779,6.676040575e-18,0.839215615,1.4199,1.098031462
4,star,1.878584,2.384421,0.505837,0.505837,3.674070412e-16,0.848434921,1.3892,1.075004159
4,star,1.878584,2.446203,0.567619,0.567619,5.51259245e-16,0.866439871,1.3321,1.050192053
4,star,1.878584,2.515531,0.636947,0.636947,8.8550495e-17,0.87513017,1.3057,1.023576585
4,star,1.878584,2.593326,0.714743,0.714743,8.035657972e-17,0.852151658,1.3771,0.995164714
4,star,1.878584,2.680624,0.80204,0.80204,7.490196258e-17,0.887734504,1.2689,0.964992452
4,star,1.878584,2.778584,0.9,0.9,1.246832498e-16,0.862005812,1.3458,0.933127742
5,chain,2.372198,2.368198,0.004,-0.004,4.299410491e-15,0.065714761,231.5656,0.817202169
5,chain,2.372198,2.36771,0.004489,-0.004489,2.169636198e-15,0.068580749,212.6158,0.814867729
5,chain,2.372198,2.367161,0.005037,-0.005037,1.551899885e-15,0.071659682,194.7378,0.812366122
5,chain,2.372198,2.366546,0.005652,-0.005652,6.535688985e-16,0.074963362,177.9516,0.809689085
5,chain,2.372198,2.365856,0.006342,-0.006342,1.110223025e-16,0.078504132,162.2613,0.806828087
5,chain,2.372198,2.365081,0.007117,-0.007117,5.440092821e-15,0.082294932,147.6569,0.803774318
5,chain,2.372198,2.364212,0.007986,-0.007986,7.041861041e-16,0.086349342,134.1164,0.80051866
5,chain,2.372198,2.363237,0.008962,-0.008962,2.940359194e-15,0.090681638,121.6078,0.797051673
5,chain,2.372198,2.362142,0.010056,-0.010056,3.683242727e-15,0.095306841,110.091,0.793363568
5,chain,2.372198,2.360914,0.011284,-0.011284,7.771567021e-16,0.100240771,99.5202,0.789444196
5,chain,2.372198,2.359535,0.012663,-0.012663,1.026859356e-16,0.105500104,89.8451,0.78528302
5,chain,2.372198,2.357989,0.014209,-0.014209,1.610684955e-15,0.111102425,81.0127,0.780869103
5,chain,2.372198,2.356253,0.015945,-0.015945,6.081807905e-16,0.117066283,72.9687,0.776191089
5,chain,2.372198,2.354306,0.017892,-0.017892,3.046282844e-15,0.123411251,65.6584,0.771237188
5,chain,2.372198,2.352121,0.020078,-0.020078,1.386643889e-15,0.130157975,59.028,0.765995161
5,chain,2.372198,2.349668,0.02253,-0.02253,9.811567823e-16,0.137328232,53.025,0.760452307
5,chain,2.372198,2.346917,0.025282,-0.025282,8.497143923e-16,0.144944984,47.5985,0.754595449
5,chain,2.372198,2.343829,0.028369,-0.028369,2.798430984e-16,0.153032427,42.7005,0.748410923
5,chain,2.372198,2.340364,0.031834,-0.031834,2.065708784e-19,0.161616041,38.2852,0.741884565
5,chain,2.372198,2.336476,0.035723,-0.035723,2.411165682e-15,0.170722636,34.3098,0.735001702
5,chain,2.372198,2.332112,0.040086,-0.040086,6.661338148e-16,0.180380395,30.7342,0.727747134
5,chain,2.372198,2.327216,0.044982,-0.044982,2.130101515e-16,0.190618906,27.5212,0.720105126
5,chain,2.372198,2.321722,0.050476,-0.050476,2.911588389e-15,0.201469189,24.6367,0.712059389
5,chain,2.372198,2.315557,0.056641,-0.056641,1.488851368e-15,0.21296372,22.049,0.703593061
5,chain,2.372198,2.308639,0.063559,-0.063559,8.837804868e-16,0.225136425,19.7292,0.694688688
5,chain,2.372198,2.300877,0.071322,-0.071322,1.521665315e-15,0.238022676,17.6508,0.685328194
5,chain,2.372198,2.292165,0.080033,-0.080033,2.668441173e-16,0.251659255,15.7897,0.675492846
5,chain,2.372198,2.28239,0.089808,-0.089808,8.315989326e-16,0.266084293,14.1241,0.665163211
5,chain,2.372198,2.271421,0.100777,-0.100777,1.221082084e-17,0.281337179,12.6341,0.654319107
5,chain,2.372198,2.259113,0.113085,-0.113085,1.520480559e-15,0.297458422,11.3018,0.642939527
5,chain,2.372198,2.245301,0.126898,-0.126898,6.033238053e-16,0.314489461,10.1109,0.631002561
5,chain,2.372198,2.229802,0.142397,-0.142397,4.108886549e-15,0.33247241,9.0467,0.618485288
5,chain,2.372198,2.212409,0.159789,-0.159789,7.027416719e-16,0.351449712,8.0961,0.605363648
5,chain,2.372198,2.192893,0.179305,-0.179305,4.070340499e-15,0.371463688,7.2472,0.591612276
5,chain,2.372198,2.170993,0.201205,-0.201205,9.561102089e-16,0.392555947,6.4893,0.577204307
5,chain,2.372198,2.146418,0.22578,-0.22578,1.070323932e-15,0.414766621,5.8129,0.562111127
5,chain,2.372198,2.118842,0.253356,-0.253356,1.335696338e-15,0.438133378,5.2094,0.546302075
5,chain,2.372198,2.087897,0.284301,-0.284301,2.03254673e-15,0.462690145,4.6711,0.529744068
5,chain,2.372198,2.053173,0.319025,-0.319025,1.122453546e-15,0.48846547,4.1911,0.51240115
5,chain,2.372198,2.014208,0.35799,-0.35799,1.469849241e-15,0.515480412,3.7634,0.494233925
5,chain,2.372198,1.970484,0.401714,-0.401714,2.243968702e-16,0.543745829,3.3823,0.475198874
5,chain,2.372198,1.921419,0.450779,-0.450779,8.829052709e-16,0.573258879,3.043,0.45524749
5,chain,2.372198,1.866361,0.505837,-0.505837,2.778857027e-15,0.603998518,2.7411,0.43432522
5,chain,2.372198,1.804579,0.567619,-0.567619,1.965372261e-15,0.635919687,2.4728,0.412370122
5,chain,2.372198,1.735251,0.636947,-0.636947,1.68994594e-15,0.66894579,2.2347,0.389311182
5,chain,2.372198,1.657456,0.714743,-0.714743,3.305380825e-15,0.702958957,2.0237,0.365066154
5,chain,2.372198,1.570158,0.80204,-0.80204,1.808263628e-15,0.737787403,1.8371,0.339538772
5,chain,2.372198,1.472198,0.9,-0.9,4.874237269e-15,0.773188959,1.6727,0.312615088
5,chain,2.372198,2.376198,0.004,0.004,3.868251782e-02,0.044662843,501.311,0.871533037
5,chain,2.372198,2.376687,0.004489,0.004489,4.224955496e-02,0.04877955,420.2662,0.871366551
5,chain,2.372198,2.377235,0.005037,0.005037,4.592121229e-02,0.0530165,355.777,0.871179816
5,chain,2.372198,2.37785,0.005652,0.005652,4.971680467e-02,0.057395887,303.5557,0.870970381
5,chain,2.372198,2.37854,0.006342,0.006342,5.365408092e-02,0.061938077,260.6661,0.8707355
5,chain,2.372198,2.379315,0.007117,0.007117,5.774983166e-02,0.066662302,225.0295,0.8704721
5,chain,2.372198,2.380184,0.007986,0.007986,6.202030235e-02,0.071587134,195.1327,0.870176742
5,chain,2.372198,2.38116,0.008962,0.008962,6.648148393e-02,0.076730817,169.848,0.869845577
5,chain,2.372198,2.382254,0.010056,0.010056,7.11493235e-02,0.082111501,148.3174,0.869474301
5,chain,2.372198,2.383482,0.011284,0.011284,7.60398804e-02,0.087747415,129.8767,0.869058101
5,chain,2.372198,2.384861,0.012663,0.012663,8.116944369e-02,0.093656994,114.0039,0.8685916
5,chain,2.372198,2.386407,0.014209,0.014209,8.655462078e-02,0.099858969,100.2827,0.86806879
5,chain,2.372198,2.388143,0.015945,0.015945,9.221240373e-02,0.106372431,88.3775,0.867482966
5,chain,2.372198,2.39009,0.017892,0.017892,9.816021685e-02,0.113216871,78.0149,0.866826646
5,chain,2.372198,2.392276,0.020078,0.020078,1.044159479e-01,0.120412195,68.9698,0.866091493
5,chain,2.372198,2.394728,0.02253,0.02253,1.109979636e-01,0.12797872,61.0555,0.865268215
5,chain,2.372198,2.39748,0.025282,0.025282,1.179251099e-01,0.135937151,54.1157,0.864346476
5,chain,2.372198,2.400567,0.028369,0.028369,1.252166962e-01,0.144308529,48.0193,0.863314783
5,chain,2.372198,2.404032,0.031834,0.031834,1.328924611e-01,0.153114154,42.6549,0.862160374
5,chain,2.372198,2.407921,0.035723,0.035723,1.409725197e-01,0.162375482,37.9279,0.860869096
5,chain,2.372198,2.412284,0.040086,0.040086,1.494772887e-01,0.172113987,33.7573,0.859425278
5,chain,2.372198,2.41718,0.044982,0.044982,1.584273857e-01,0.18235098,30.0735,0.857811594
5,chain,2.372198,2.422674,0.050476,0.050476,1.678435009e-01,0.193107394,26.8165,0.856008927
5,chain,2.372198,2.428839,0.056641,0.056641,1.777462362e-01,0.204403509,23.9344,0.853996229
5,chain,2.372198,2.435757,0.063559,0.063559,1.881559067e-01,0.216258623,21.3822,0.851750377
5,chain,2.372198,2.44352,0.071322,0.071322,1.990923015e-01,0.228690656,19.1207,0.849246045
5,chain,2.372198,2.452231,0.080033,0.080033,2.105743974e-01,0.24171568,17.1155,0.846455575
5,chain,2.372198,2.462006,0.089808,0.089808,2.226200201e-01,0.255347364,15.3369,0.843348871
5,chain,2.372198,2.472975,0.100777,0.100777,2.352454497e-01,0.269596322,13.7585,0.839893313
5,chain,2.372198,2.485284,0.113085,0.113085,2.484649634e-01,0.284469358,12.3575,0.836053714
5,chain,2.372198,2.499096,0.126898,0.126898,2.622903132e-01,0.299968595,11.1134,0.831792314
5,chain,2.372198,2.514595,0.142397,0.142397,2.76730135e-01,0.31609048,10.0087,0.82706884
5,chain,2.372198,2.531987,0.159789,0.159789,2.917892887e-01,0.332824651,9.0275,0.821840644
5,chain,2.372198,2.551503,0.179305,0.179305,3.074681301e-01,0.350152672,8.1561,0.816062933
5,chain,2.372198,2.573403,0.201205,0.201205,3.237617218e-01,0.368046613,7.3823,0.809689123
5,chain,2.372198,2.597978,0.22578,0.22578,3.406589891e-01,0.386467499,6.6954,0.802671321
5,chain,2.372198,2.625554,0.253356,0.253356,3.581418395e-01,0.405363611,6.0857,0.79496098
5,chain,2.372198,2.656499,0.284301,0.284301,3.761842633e-01,0.424668657,5.545,0.786509728
5,chain,2.372198,2.691223,0.319025,0.319025,3.947514444e-01,0.444299846,5.0658,0.777270407
5,chain,2.372198,2.730188,0.35799,0.35799,4.137989159e-01,0.464155863,4.6416,0.767198327
5,chain,2.372198,2.773913,0.401714,0.401714,4.332718002e-01,0.484114809,4.2668,0.75625275
5,chain,2.372198,2.822977,0.450779,0.450779,4.531041816e-01,0.50403214,3.9363,0.744398594
5,chain,2.372198,2.878035,0.505837,0.505837,4.732186578e-01,0.52373867,3.6456,0.731608349
5,chain,2.372198,2.939817,0.567619,0.567619,4.935261183e-01,0.543038742,3.3911,0.717864166
5,chain,2.372198,3.009145,0.636947,0.636947,5.139257853e-01,0.561708667,3.1694,0.703160063
5,chain,2.372198,3.086941,0.714743,0.714743,5.343055383e-01,0.579495664,2.9778,0.687504168
5,chain,2.372198,3.174238,0.80204,0.80204,5.545425095e-01,0.596117603,2.8141,0.670920898
5,chain,2.372198,3.272198,0.9,0.9,5.745038937e-01,0.611264161,2.6763,0.653452918
5,ring,2.372198,2.368198,0.004,-0.004,1.293600495e+00,0.617450248,2.623,1.260250916
5,ring,2.372198,2.36771,0.004489,-0.004489,1.293520576e+00,0.612836552,2.6626,1.260480703
5,ring,2.372198,2.367161,0.005037,-0.005037,1.293430784e+00,0.614970008,2.6442,1.260738671
5,ring,2.372198,2.366546,0.005652,-0.005652,1.293329884e+00,0.615174831,2.6424,1.261028291
5,ring,2.372198,2.365856,0.006342,-0.006342,1.293216483e+00,0.617159355,2.6255,1.261353468
5,ring,2.372198,2.365081,0.007117,-0.007117,1.293089006e+00,0.613411102,2.6576,1.26171859
5,ring,2.372198,2.364212,0.007986,-0.007986,1.292945677e+00,0.588856033,2.8839,1.262128597
5,ring,2.372198,2.363237,0.008962,-0.008962,1.292784484e+00,0.617031419,2.6265,1.262589048
5,ring,2.372198,2.362142,0.010056,-0.010056,1.292603153e+00,0.57920984,2.9808,1.263106198
5,ring,2.372198,2.360914,0.011284,-0.011284,1.292399105e+00,0.546445847,3.3489,1.263687095
5,ring,2.372198,2.359535,0.012663,-0.012663,1.292169415e+00,0.613420468,2.6576,1.264339676
5,ring,2.372198,2.357989,0.014209,-0.014209,1.291910762e+00,0.616144963,2.6341,1.26507289
5,ring,2.372198,2.356253,0.015945,-0.015945,1.291619369e+00,0.61585532,2.6366,1.265896831
5,ring,2.372198,2.354306,0.017892,-0.017892,1.291290931e+00,0.614329521,2.6497,1.266822888
5,ring,2.372198,2.352121,0.020078,-0.020078,1.290920537e+00,0.614812186,2.6455,1.267863925
5,ring,2.372198,2.349668,0.02253,-0.02253,1.290502573e+00,0.600171596,2.7762,1.269034484
5,ring,2.372198,2.346917,0.025282,-0.025282,1.290030605e+00,0.607030998,2.7138,1.270351013
5,ring,2.372198,2.343829,0.028369,-0.028369,1.289497245e+00,0.605863875,2.7243,1.271832142
5,ring,2.372198,2.340364,0.031834,-0.031834,1.288893982e+00,0.612399622,2.6664,1.273498992
5,ring,2.372198,2.336476,0.035723,-0.035723,1.288210991e+00,0.611017002,2.6785,1.275375541
5,ring,2.372198,2.332112,0.040086,-0.040086,1.287436888e+00,0.594073334,2.8335,1.277489053
5,ring,2.372198,2.327216,0.044982,-0.044982,1.286558438e+00,0.604926467,2.7327,1.279870577
5,ring,2.372198,2.321722,0.050476,-0.050476,1.285560193e+00,0.60252805,2.7545,1.282555543
5,ring,2.372198,2.315557,0.056641,-0.056641,1.284424052e+00,0.599709571,2.7805,1.285584466
5,ring,2.372198,2.308639,0.063559,-0.063559,1.2831287e+00,0.60582804,2.7246,1.289003793
5,ring,2.372198,2.300877,0.071322,-0.071322,1.281648914e+00,0.593560004,2.8384,1.292866922
5,ring,2.372198,2.292165,0.080033,-0.080033,1.279954686e+00,0.594646342,2.828,1.297235439
5,ring,2.372198,2.28239,0.089808,-0.089808,1.278010097e+00,0.600162382,2.7763,1.302180644
5,ring,2.372198,2.271421,0.100777,-0.100777,1.275771876e+00,0.59800024,2.7964,1.307785429
5,ring,2.372198,2.259113,0.113085,-0.113085,1.273187533e+00,0.588387173,2.8885,1.314146644
5,ring,2.372198,2.245301,0.126898,-0.126898,1.270192906e+00,0.592622701,2.8474,1.321378097
5,ring,2.372198,2.229802,0.142397,-0.142397,1.266708928e+00,0.58139628,2.9584,1.329614405
5,ring,2.372198,2.212409,0.159789,-0.159789,1.262637307e+00,0.574642464,3.0283,1.339016045
5,ring,2.372198,2.192893,0.179305,-0.179305,1.257854686e+00,0.576824367,3.0055,1.349776051
5,ring,2.372198,2.170993,0.201205,-0.201205,2.209459145e-16,0.572394195,3.0522,1.36195718
5,ring,2.372198,2.146418,0.22578,-0.22578,1.817463941e-15,0.444584881,5.0593,1.373362343
5,ring,2.372198,2.118842,0.253356,-0.253356,1.717071309e-16,0.551482197,3.288,1.386144288
5,ring,2.372198,2.087897,0.284301,-0.284301,1.739927646e-15,0.510698131,3.8342,1.400418453
5,ring,2.372198,2.053173,0.319025,-0.319025,7.355227538e-16,0.514625427,3.7759,1.416265428
5,ring,2.372198,2.014208,0.35799,-0.35799,6.106226636e-16,0.337554899,8.7763,1.433684535
5,ring,2.372198,1.970484,0.401714,-0.401714,2.664339386e-15,0.477100578,4.3932,1.452502115
5,ring,2.372198,1.921419,0.450779,-0.450779,1.262011329e-15,0.438392768,5.2032,1.472185825
5,ring,2.372198,1.866361,0.505837,-0.505837,1.008947031e-15,0.400212227,6.2434,1.491455598
5,ring,2.372198,1.804579,0.567619,-0.567619,1.276756478e-15,0.36830026,7.3722,1.507438288
5,ring,2.372198,1.735251,0.636947,-0.636947,4.440892099e-16,0.309433588,10.444,1.513809569
5,ring,2.372198,1.657456,0.714743,-0.714743,9.197073531e-16,0.267157558,14.0109,1.497210143
5,ring,2.372198,1.570158,0.80204,-0.80204,1.528551963e-15,0.220301573,20.6046,1.435438737
5,ring,2.372198,1.472198,0.9,-0.9,4.822531263e-16,0.277878145,12.9506,1.317324765
5,ring,2.372198,2.376198,0.004,0.004,1.294895911e+00,0.618940001,2.6104,1.256501787
5,ring,2.372198,2.376687,0.004489,0.004489,1.294974218e+00,0.606809699,2.7158,1.256273656
5,ring,2.372198,2.377235,0.005037,0.005037,1.295061981e+00,0.61900658,2.6098,1.256017775
5,ring,2.372198,2.37785,0.005652,0.005652,1.295160325e+00,0.618268228,2.6161,1.255730782
5,ring,2.372198,2.37854,0.006342,0.006342,1.295270509e+00,0.60147217,2.7642,1.255408914
5,ring,2.372198,2.379315,0.007117,0.007117,1.295393933e+00,0.619964456,2.6018,1.255047957
5,ring,2.372198,2.380184,0.007986,0.007986,1.29553216e+00,0.618595834,2.6133,1.254643195
5,ring,2.372198,2.38116,0.008962,0.008962,1.295686927e+00,0.619743112,2.6036,1.254189349
5,ring,2.372198,2.382254,0.010056,0.010056,1.295860168e+00,0.621022591,2.5929,1.253680516
5,ring,2.372198,2.383482,0.011284,0.011284,1.296054028e+00,0.620146081,2.6002,1.253110093
5,ring,2.372198,2.384861,0.012663,0.012663,1.296270888e+00,0.621291024,2.5907,1.2524707
5,ring,2.372198,2.386407,0.014209,0.014209,1.296513386e+00,0.620580747,2.5966,1.251754093
5,ring,2.372198,2.388143,0.015945,0.015945,1.296784436e+00,0.618069909,2.6177,1.250951066
5,ring,2.372198,2.39009,0.017892,0.017892,1.297087256e+00,0.616109714,2.6344,1.250051345
5,ring,2.372198,2.392276,0.020078,0.020078,1.297425388e+00,0.620591911,2.5965,1.249043473
5,ring,2.372198,2.394728,0.02253,0.02253,1.297802725e+00,0.621129137,2.592,1.247914681
5,ring,2.372198,2.39748,0.025282,0.025282,1.298223528e+00,0.608534776,2.7004,1.246650752
5,ring,2.372198,2.400567,0.028369,0.028369,1.298692451e+00,0.622784369,2.5782,1.24523587
5,ring,2.372198,2.404032,0.031834,0.031834,1.299214557e+00,0.620271456,2.5992,1.243652458
5,ring,2.372198,2.407921,0.035723,0.035723,1.299795327e+00,0.620217431,2.5996,1.241881004
5,ring,2.372198,2.412284,0.040086,0.040086,1.300440671e+00,0.597778,2.7985,1.239899878
5,ring,2.372198,2.41718,0.044982,0.044982,1.301156919e+00,0.61727286,2.6245,1.237685135
5,ring,2.372198,2.422674,0.050476,0.050476,1.301950808e+00,0.621038739,2.5928,1.235210305
5,ring,2.372198,2.428839,0.056641,0.056641,1.30282945e+00,0.629048711,2.5272,1.232446185
5,ring,2.372198,2.435757,0.063559,0.063559,1.303800282e+00,0.631635147,2.5065,1.229360616
5,ring,2.372198,2.44352,0.071322,0.071322,1.304870991e+00,0.63155866,2.5071,1.225918261
5,ring,2.372198,2.452231,0.080033,0.080033,1.306049411e+00,0.632549693,2.4993,1.222080387
5,ring,2.372198,2.462006,0.089808,0.089808,1.307343385e+00,0.63417633,2.4865,1.217804648
5,ring,2.372198,2.472975,0.100777,0.100777,1.308760589e+00,0.635968169,2.4725,1.21304489
5,ring,2.372198,2.485284,0.113085,0.113085,1.310308311e+00,0.560367287,3.1846,1.207750976
5,ring,2.372198,2.499096,0.126898,0.126898,1.311993181e+00,0.637061059,2.464,1.201868642
5,ring,2.372198,2.514595,0.142397,0.142397,1.313820856e+00,0.633833003,2.4891,1.1953394
5,ring,2.372198,2.531987,0.159789,0.159789,1.315795647e+00,0.647481523,2.3853,1.188100502
5,ring,2.372198,2.551503,0.179305,0.179305,1.31792011e+00,0.643052046,2.4183,1.180084986
5,ring,2.372198,2.573403,0.201205,0.201205,1.320194603e+00,0.655738062,2.3256,1.171221814
5,ring,2.372198,2.597978,0.22578,0.22578,1.322616817e+00,0.661251158,2.287,1.161436142
5,ring,2.372198,2.625554,0.253356,0.253356,1.325181334e+00,0.665706972,2.2565,1.150649744
5,ring,2.372198,2.656499,0.284301,0.284301,1.327879212e+00,0.672582166,2.2106,1.138781627
5,ring,2.372198,2.691223,0.319025,0.319025,1.330697672e+00,0.629201122,2.5259,1.125748879
5,ring,2.372198,2.730188,0.35799,0.35799,1.333619917e+00,0.685613413,2.1274,1.111467802
5,ring,2.372198,2.773913,0.401714,0.401714,1.33662514e+00,0.633637334,2.4907,1.095855379
5,ring,2.372198,2.822977,0.450779,0.450779,1.339688771e+00,0.692536098,2.085,1.078831132
5,ring,2.372198,2.878035,0.505837,0.505837,1.342782995e+00,0.673771695,2.2028,1.060319411
5,ring,2.372198,2.939817,0.567619,0.567619,1.345877551e+00,0.715953164,1.9509,1.040252165
5,ring,2.372198,3.009145,0.636947,0.636947,1.348940791e+00,0.730132256,1.8758,1.018572171
5,ring,2.372198,3.086941,0.714743,0.714743,1.351940939e+00,0.728041013,1.8866,0.995236688
5,ring,2.372198,3.174238,0.80204,0.80204,1.354847459e+00,0.72394185,1.9081,0.970221416
5,ring,2.372198,3.272198,0.9,0.9,1.357632403e+00,0.764147426,1.7126,0.943524565
5,star,2.372198,2.368198,0.004,-0.004,6.727958235e-17,0.794377387,1.5847,0.906797393
5,star,2.372198,2.36771,0.004489,-0.004489,7.363901156e-16,0.595869493,2.8164,0.906942691
5,star,2.372198,2.367161,0.005037,-0.005037,3.48296779e-17,0.788837852,1.607,0.907105772
5,star,2.372198,2.366546,0.005652,-0.005652,9.992014536e-16,0.802089228,1.5544,0.907288818
5,star,2.372198,2.365856,0.006342,-0.006342,1.652324111e-15,0.385861591,6.7164,0.907494279
5,star,2.372198,2.365081,0.007117,-0.007117,3.324163861e-16,0.758004698,1.7404,0.907724908
5,star,2.372198,2.364212,0.007986,-0.007986,1.026956298e-15,0.792872108,1.5907,0.907983798
5,star,2.372198,2.363237,0.008962,-0.008962,1.445186485e-15,0.752520527,1.7659,0.908274425
5,star,2.372198,2.362142,0.010056,-0.010056,6.530956321e-16,0.754852956,1.755,0.908600695
5,star,2.372198,2.360914,0.011284,-0.011284,7.224476143e-16,0.781867213,1.6358,0.908966999
5,star,2.372198,2.359535,0.012663,-0.012663,1.268757345e-15,0.799441613,1.5647,0.909378275
5,star,2.372198,2.357989,0.014209,-0.014209,3.917240647e-15,0.79942317,1.5648,0.909840074
5,star,2.372198,2.356253,0.015945,-0.015945,5.551115125e-16,0.796540253,1.5761,0.910358644
5,star,2.372198,2.354306,0.017892,-0.017892,2.416469802e-15,0.794910251,1.5826,0.910941012
5,star,2.372198,2.352121,0.020078,-0.020078,2.037564796e-16,0.790355226,1.6009,0.911595091
5,star,2.372198,2.349668,0.02253,-0.02253,1.776356839e-15,0.799614493,1.564,0.912329786
5,star,2.372198,2.346917,0.025282,-0.025282,1.72270927e-15,0.780308246,1.6424,0.913155133
5,star,2.372198,2.343829,0.028369,-0.028369,5.124525294e-16,0.798657298,1.5678,0.91408244
5,star,2.372198,2.340364,0.031834,-0.031834,1.086904345e-15,0.768772708,1.692,0.915124455
5,star,2.372198,2.336476,0.035723,-0.035723,1.059644993e-15,0.782865209,1.6316,0.916295559
5,star,2.372198,2.332112,0.040086,-0.040086,2.523298789e-15,0.797311287,1.5731,0.917611984
5,star,2.372198,2.327216,0.044982,-0.044982,1.150881704e-15,0.784404222,1.6252,0.919092062
5,star,2.372198,2.321722,0.050476,-0.050476,1.396452398e-15,0.794289827,1.585,0.920756511
5,star,2.372198,2.315557,0.056641,-0.056641,3.387535402e-16,0.793423799,1.5885,0.922628761
5,star,2.372198,2.308639,0.063559,-0.063559,1.667530046e-15,0.793510598,1.5882,0.924735329
5,star,2.372198,2.300877,0.071322,-0.071322,9.187723271e-16,0.778627867,1.6495,0.927106255
5,star,2.372198,2.292165,0.080033,-0.080033,2.655110267e-15,0.761557807,1.7242,0.929775588
5,star,2.372198,2.28239,0.089808,-0.089808,1.581066335e-15,0.774803969,1.6658,0.932781962
5,star,2.372198,2.271421,0.100777,-0.100777,3.88578025e-16,0.784069403,1.6266,0.936169244
5,star,2.372198,2.259113,0.113085,-0.113085,2.678413047e-15,0.672932759,2.2083,0.939987277
5,star,2.372198,2.245301,0.126898,-0.126898,7.771561172e-16,0.75992042,1.7317,0.94429273
5,star,2.372198,2.229802,0.142397,-0.142397,1.344167269e-15,0.780299013,1.6424,0.949150052
5,star,2.372198,2.212409,0.159789,-0.159789,6.661338148e-16,0.679748633,2.1642,0.95463253
5,star,2.372198,2.192893,0.179305,-0.179305,4.739318746e-17,0.76943357,1.6891,0.960823441
5,star,2.372198,2.170993,0.201205,-0.201205,1.965224858e-15,0.731290788,1.8699,0.967817251
5,star,2.372198,2.146418,0.22578,-0.22578,1.038723279e-15,0.747535822,1.7895,0.975720749
5,star,2.372198,2.118842,0.253356,-0.253356,1.08213074e-15,0.582699384,2.9452,0.984653952
5,star,2.372198,2.087897,0.284301,-0.284301,2.220446049e-16,0.475667759,4.4197,0.991810768
5,star,2.372198,2.053173,0.319025,-0.319025,7.788908407e-16,0.488051677,4.1983,0.988828594
5,star,2.372198,2.014208,0.35799,-0.35799,7.500044984e-16,0.230881609,18.7595,0.983774614
5,star,2.372198,1.970484,0.401714,-0.401714,4.116190549e-16,0.459118606,4.7441,0.975803569
5,star,2.372198,1.921419,0.450779,-0.450779,5.496905015e-16,0.146125854,46.8323,0.963847433
5,star,2.372198,1.866361,0.505837,-0.505837,4.440892099e-15,0.396714261,6.354,0.946674418
5,star,2.372198,1.804579,0.567619,-0.567619,1.603535013e-16,0.190535393,27.5454,0.923063407
5,star,2.372198,1.735251,0.636947,-0.636947,8.029194714e-16,0.388123103,6.6384,0.892083686
5,star,2.372198,1.657456,0.714743,-0.714743,9.937136824e-16,0.465447894,4.6159,0.85334867
5,star,2.372198,1.570158,0.80204,-0.80204,7.607255939e-16,0.517278429,3.7372,0.807049166
5,star,2.372198,1.472198,0.9,-0.9,1.711310477e-15,0.309634002,10.4304,0.753710562
5,star,2.372198,2.376198,0.004,0.004,6.416816568e-16,0.799149851,1.5658,0.904422566
5,star,2.372198,2.376687,0.004489,0.004489,4.422291189e-16,0.802760556,1.5518,0.904277806
5,star,2.372198,2.377235,0.005037,0.005037,8.326672685e-16,0.782862443,1.6317,0.904115403
5,star,2.372198,2.37785,0.005652,0.005652,1.054711873e-15,0.800843232,1.5592,0.90393321
5,star,2.372198,2.37854,0.006342,0.006342,9.159339953e-16,0.77962536,1.6452,0.903728824
5,star,2.372198,2.379315,0.007117,0.007117,4.524150877e-16,0.678456401,2.1725,0.903499548
5,star,2.372198,2.380184,0.007986,0.007986,1.349094246e-15,0.804060155,1.5468,0.903242362
5,star,2.372198,2.38116,0.008962,0.008962,1.977090465e-15,0.681445289,2.1535,0.90295388
5,star,2.372198,2.382254,0.010056,0.010056,2.127638343e-15,0.80113399,1.5581,0.902630312
5,star,2.372198,2.383482,0.011284,0.011284,2.636779683e-16,0.800694098,1.5598,0.90226741
5,star,2.372198,2.384861,0.012663,0.012663,1.102172834e-15,0.799990343,1.5625,0.901860417
5,star,2.372198,2.386407,0.014209,0.014209,2.498218646e-15,0.803224573,1.55,0.901404011
5,star,2.372198,2.388143,0.015945,0.015945,7.228603477e-16,0.626454323,2.5481,0.900892232
5,star,2.372198,2.39009,0.017892,0.017892,3.347691048e-15,0.782522124,1.6331,0.900318415
5,star,2.372198,2.392276,0.020078,0.020078,5.745688782e-16,0.806051764,1.5391,0.899675103
5,star,2.372198,2.394728,0.02253,0.02253,2.088607065e-15,0.805570776,1.541,0.898953963
5,star,2.372198,2.39748,0.025282,0.025282,1.09247599e-15,0.779689902,1.645,0.898145684
5,star,2.372198,2.400567,0.028369,0.028369,8.215428936e-16,0.771659763,1.6794,0.897239866
5,star,2.372198,2.404032,0.031834,0.031834,1.223148007e-15,0.806424627,1.5377,0.896224905
5,star,2.372198,2.407921,0.035723,0.035723,5.960351799e-17,0.802021862,1.5546,0.895087861
5,star,2.372198,2.412284,0.040086,0.040086,1.220863303e-15,0.627345166,2.5409,0.893814312
5,star,2.372198,2.41718,0.044982,0.044982,1.244051845e-15,0.782840333,1.6317,0.892388207
5,star,2.372198,2.422674,0.050476,0.050476,8.26597436e-16,0.805784162,1.5401,0.890791692
5,star,2.372198,2.428839,0.056641,0.056641,4.250088328e-17,0.797688702,1.5716,0.88900494
5,star,2.372198,2.435757,0.063559,0.063559,3.597382808e-16,0.807295278,1.5344,0.88700596
5,star,2.372198,2.44352,0.071322,0.071322,4.143490496e-16,0.813179086,1.5123,0.884770399
5,star,2.372198,2.452231,0.080033,0.080033,6.591949209e-17,0.802092168,1.5544,0.88227134
5,star,2.372198,2.462006,0.089808,0.089808,2.402388726e-16,0.793630003,1.5877,0.879479093
5,star,2.372198,2.472975,0.100777,0.100777,1.453901561e-15,0.811485348,1.5186,0.876360993
5,star,2.372198,2.485284,0.113085,0.113085,1.998401444e-15,0.798584628,1.568,0.872881202
5,star,2.372198,2.499096,0.126898,0.126898,2.828229878e-16,0.816576921,1.4997,0.86900053
5,star,2.372198,2.514595,0.142397,0.142397,2.413775969e-16,0.822090807,1.4797,0.864676286
5,star,2.372198,2.531987,0.159789,0.159789,2.215905953e-16,0.824335854,1.4716,0.859862172
5,star,2.372198,2.551503,0.179305,0.179305,1.110220511e-15,0.827214583,1.4614,0.854508241
5,star,2.372198,2.573403,0.201205,0.201205,1.665334537e-16,0.813819778,1.5099,0.848560939
5,star,2.372198,2.597978,0.22578,0.22578,3.261280135e-16,0.827308672,1.461,0.841963259
5,star,2.372198,2.625554,0.253356,0.253356,2.220446049e-15,0.77947663,1.6459,0.834655037
5,star,2.372198,2.656499,0.284301,0.284301,9.924962509e-16,0.838481219,1.4224,0.826573426
5,star,2.372198,2.691223,0.319025,0.319025,5.551115123e-16,0.745625474,1.7987,0.817653583
5,star,2.372198,2.730188,0.35799,0.35799,1.585767396e-15,0.846096477,1.3969,0.807829612
5,star,2.372198,2.773913,0.401714,0.401714,4.444098194e-16,0.851465716,1.3793,0.797035785
5,star,2.372198,2.822977,0.450779,0.450779,3.504141421e-16,0.853838394,1.3717,0.785208092
5,star,2.372198,2.878035,0.505837,0.505837,1.393414512e-16,0.860405524,1.3508,0.772286113
5,star,2.372198,2.939817,0.567619,0.567619,3.417435847e-15,0.866323672,1.3324,0.758215221
5,star,2.372198,3.009145,0.636947,0.636947,4.440892099e-16,0.861850974,1.3463,0.742949096
5,star,2.372198,3.086941,0.714743,0.714743,5.811323896e-17,0.877167047,1.2997,0.72645247
5,star,2.372198,3.174238,0.80204,0.80204,2.081668171e-16,0.881719763,1.2863,0.708704023
5,star,2.372198,3.272198,0.9,0.9,3.92548155e-17,0.881919373,1.2857,0.689699287
6,chain,2.884237,2.880237,0.004,-0.004,4.808146343e-15,0.074634635,179.5226,0.680243076
6,chain,2.884237,2.879749,0.004489,-0.004489,6.118493299e-15,0.076626239,170.3119,0.678887683
6,chain,2.884237,2.879201,0.005037,-0.005037,1.250714024e-15,0.078800791,161.0419,0.677410301
6,chain,2.884237,2.878585,0.005652,-0.005652,4.644241979e-15,0.08117113,151.7738,0.67580287
6,chain,2.884237,2.877895,0.006342,-0.006342,5.286050051e-15,0.08375057,142.5688,0.674057135
6,chain,2.884237,2.87712,0.007117,-0.007117,4.982349579e-15,0.086552895,133.4863,0.67216465
6,chain,2.884237,2.876251,0.007986,-0.007986,2.155850548e-15,0.089592371,124.5828,0.670116791
6,chain,2.884237,2.875276,0.008962,-0.008962,3.39703301e-15,0.092883759,115.9099,0.667904765
6,chain,2.884237,2.874181,0.010056,-0.010056,4.689496845e-15,0.096442341,107.5139,0.665519607
6,chain,2.884237,2.872953,0.011284,-0.011284,1.167652317e-15,0.100283946,99.4345,0.662952177
6,chain,2.884237,2.871575,0.012663,-0.012663,5.328218491e-15,0.10442499,91.7046,0.660193161
6,chain,2.884237,2.870028,0.014209,-0.014209,6.809981884e-16,0.108882522,84.3497,0.657233052
6,chain,2.884237,2.868293,0.015945,-0.015945,3.961829883e-15,0.113674276,77.3884,0.65406214
6,chain,2.884237,2.866345,0.017892,-0.017892,4.749813273e-15,0.118818726,70.8321,0.650670497
6,chain,2.884237,2.86416,0.020078,-0.020078,3.208097672e-15,0.124335152,64.6863,0.647047955
6,chain,2.884237,2.861708,0.02253,-0.02253,5.831377581e-15,0.130243705,58.9504,0.643184086
6,chain,2.884237,2.858956,0.025282,-0.025282,4.330042313e-15,0.136565476,53.6189,0.639068182
6,chain,2.884237,2.855868,0.028369,-0.028369,1.855237765e-15,0.143322571,48.6823,0.63468923
6,chain,2.884237,2.852403,0.031834,-0.031834,5.059866427e-15,0.150538183,44.1272,0.630035888
6,chain,2.884237,2.848515,0.035723,-0.035723,7.319100138e-16,0.158236662,39.938,0.625096463
6,chain,2.884237,2.844152,0.040086,-0.040086,1.335910976e-15,0.166443594,36.0966,0.619858887
6,chain,2.884237,2.839256,0.044982,-0.044982,2.578799285e-15,0.175185865,32.5838,0.61431069
6,chain,2.884237,2.833762,0.050476,-0.050476,6.490864842e-15,0.184491733,29.3796,0.60843898
6,chain,2.884237,2.827597,0.056641,-0.056641,5.708218507e-15,0.19439089,26.4636,0.60223041
6,chain,2.884237,2.820679,0.063559,-0.063559,5.75164764e-15,0.204914517,23.8152,0.595671157
6,chain,2.884237,2.812916,0.071322,-0.071322,7.046538684e-16,0.216095336,21.4146,0.588746888
6,chain,2.884237,2.804205,0.080033,-0.080033,2.34225464e-16,0.227967647,19.2421,0.581442728
6,chain,2.884237,2.79443,0.089808,-0.089808,1.815880601e-15,0.240567352,17.2793,0.573743222
6,chain,2.884237,2.783461,0.100777,-0.100777,8.581353847e-16,0.253931961,15.5083,0.565632289
6,chain,2.884237,2.771152,0.113085,-0.113085,1.65016312e-15,0.268100574,13.9125,0.557093177
6,chain,2.884237,2.75734,0.126898,-0.126898,8.025371577e-15,0.283113838,12.4761,0.548108395
6,chain,2.884237,2.741841,0.142397,-0.142397,3.132772238e-15,0.299013852,11.1845,0.538659641
6,chain,2.884237,2.724449,0.159789,-0.159789,6.570960308e-15,0.315844031,10.0243,0.528727718
6,chain,2.884237,2.704932,0.179305,-0.179305,1.257602845e-15,0.3336489,8.983,0.518292424
6,chain,2.884237,2.683032,0.201205,-0.201205,2.036287142e-15,0.352473798,8.0491,0.507332425
6,chain,2.884237,2.658457,0.22578,-0.22578,3.009895119e-15,0.372364471,7.2121,0.495825099
6,chain,2.884237,2.630881,0.253356,-0.253356,1.407581616e-15,0.393366515,6.4626,0.483746346
6,chain,2.884237,2.599936,0.284301,-0.284301,4.349551775e-16,0.415524627,5.7917,0.471070362
6,chain,2.884237,2.565212,0.319025,-0.319025,1.060856527e-15,0.438881603,5.1916,0.457769358
6,chain,2.884237,2.526247,0.35799,-0.35799,3.016821248e-15,0.463477015,4.6553,0.443813225
6,chain,2.884237,2.482523,0.401714,-0.401714,1.632747118e-15,0.489345456,4.1761,0.429169122
6,chain,2.884237,2.433458,0.450779,-0.450779,1.603615457e-15,0.516514237,3.7483,0.413800971
6,chain,2.884237,2.378401,0.505837,-0.505837,3.527094391e-15,0.545000366,3.3667,0.397668839
6,chain,2.884237,2.316618,0.567619,-0.567619,7.920882352e-17,0.57480659,3.0266,0.380728175
6,chain,2.884237,2.24729,0.636947,-0.636947,6.719748057e-15,0.605916235,2.7238,0.36292886
6,chain,2.884237,2.169495,0.714743,-0.714743,2.231818626e-16,0.638286473,2.4545,0.344214009
6,chain,2.884237,2.082197,0.80204,-0.80204,6.819329644e-16,0.671839549,2.2155,0.324518459
6,chain,2.884237,1.984237,0.9,-0.9,2.078328058e-15,0.706451369,2.0037,0.303766828
6,chain,2.884237,2.888237,0.004,0.004,4.647610337e-15,0.025076565,1590.2445,0.71471888
6,chain,2.884237,2.888726,0.004489,0.004489,4.263979397e-15,0.018066169,3063.8527,0.719719055
6,chain,2.884237,2.889274,0.005037,0.005037,2.643886626e-03,0.003632466,75787.3648,0.732751674
6,chain,2.884237,2.889889,0.005652,0.005652,1.445367849e-02,0.019856724,2536.2076,0.732614092
6,chain,2.884237,2.89058,0.006342,0.006342,2.086464631e-02,0.028662037,1217.2671,0.732459781
6,chain,2.884237,2.891354,0.007117,0.007117,2.625294117e-02,0.036060915,769.0003,0.732286719
6,chain,2.884237,2.892223,0.007986,0.007986,3.120676744e-02,0.04286134,544.3378,0.732092638
6,chain,2.884237,2.893199,0.008962,0.008962,3.595779866e-02,0.049381367,410.0849,0.731875004
6,chain,2.884237,2.894293,0.010056,0.010056,4.062816919e-02,0.055788484,321.3001,0.731630978
6,chain,2.884237,2.895522,0.011284,0.011284,4.529380701e-02,0.062186621,258.5866,0.731357385
6,chain,2.884237,2.8969,0.012663,0.012663,5.000755333e-02,0.068647905,212.2,0.731050676
6,chain,2.884237,2.898447,0.014209,0.014209,5.48094313e-02,0.075226761,176.7076,0.730706883
6,chain,2.884237,2.900182,0.015945,0.015945,5.973183181e-02,0.081967011,148.8407,0.730321574
6,chain,2.884237,2.902129,0.017892,0.017892,6.480238311e-02,0.088905805,126.5143,0.7298898
6,chain,2.884237,2.904315,0.020078,0.020078,7.004565051e-02,0.096075928,108.3355,0.729406039
6,chain,2.884237,2.906767,0.02253,0.02253,7.548419612e-02,0.103507227,93.338,0.728864134
6,chain,2.884237,2.909519,0.025282,0.025282,8.113926525e-02,0.11122752,80.8305,0.728257222
6,chain,2.884237,2.912607,0.028369,0.028369,8.703124189e-02,0.119263182,70.3052,0.727577668
6,chain,2.884237,2.916072,0.031834,0.031834,9.317995393e-02,0.127639513,61.3804,0.726816978
6,chain,2.884237,2.91996,0.035723,0.035723,9.960487505e-02,0.13638096,53.7641,0.725965716
6,chain,2.884237,2.924323,0.040086,0.040086,1.063252514e-01,0.145511223,47.2288,0.725013414
6,chain,2.884237,2.929219,0.044982,0.044982,1.1336017e-01,0.155053262,41.5947,0.723948476
6,chain,2.884237,2.934713,0.050476,0.050476,1.207285794e-01,0.165029238,36.7179,0.722758074
6,chain,2.884237,2.940878,0.056641,0.056641,1.284492671e-01,0.17546036,32.4819,0.721428047
6,chain,2.884237,2.947796,0.063559,0.063559,1.365407978e-01,0.186366667,28.7914,0.719942791
6,chain,2.884237,2.955559,0.071322,0.071322,1.450214121e-01,0.197766733,25.5678,0.718285155
6,chain,2.884237,2.96427,0.080033,0.080033,1.539088844e-01,0.209677274,22.7456,0.716436337
6,chain,2.884237,2.974045,0.089808,0.089808,1.63220339e-01,0.222112678,20.27,0.714375788
6,chain,2.884237,2.985014,0.100777,0.100777,1.729720209e-01,0.235084422,18.0947,0.712081125
6,chain,2.884237,2.997323,0.113085,0.113085,1.831790177e-01,0.248600375,16.1807,0.709528068
6,chain,2.884237,3.011135,0.126898,0.126898,1.938549307e-01,0.262663978,14.4944,0.706690395
6,chain,2.884237,3.026634,0.142397,0.142397,2.050114896e-01,0.277273274,13.0072,0.703539936
6,chain,2.884237,3.044026,0.159789,0.159789,2.166581101e-01,0.292419782,11.6946,0.700046614
6,chain,2.884237,3.063542,0.179305,0.179305,2.28801391e-01,0.308087199,10.5354,0.69617854
6,chain,2.884237,3.085442,0.201205,0.201205,2.414445522e-01,0.324249898,9.5113,0.691902187
6,chain,2.884237,3.110017,0.22578,0.22578,2.545868127e-01,0.340871226,8.6064,0.687182652
6,chain,2.884237,3.137594,0.253356,0.253356,2.682227159e-01,0.357901566,7.8068,0.68198403
6,chain,2.884237,3.168538,0.284301,0.284301,2.823414067e-01,0.375276154,7.1006,0.676269921
6,chain,2.884237,3.203262,0.319025,0.319025,2.96925875e-01,0.392912631,6.4775,0.670004087
6,chain,2.884237,3.242227,0.35799,0.35799,3.119521782e-01,0.410708316,5.9283,0.663151287
6,chain,2.884237,3.285952,0.401714,0.401714,3.273886655e-01,0.42853718,5.4453,0.655678308
6,chain,2.884237,3.335017,0.450779,0.450779,3.43195224e-01,0.446246497,5.0217,0.647555211
6,chain,2.884237,3.390074,0.505837,0.505837,3.593225735e-01,0.46365318,4.6517,0.638756806
6,chain,2.884237,3.451856,0.567619,0.567619,3.757116307e-01,0.480539752,4.3305,0.629264372
6,chain,2.884237,3.521184,0.636947,0.636947,3.922929564e-01,0.496649998,4.0541,0.619067609
6,chain,2.884237,3.59898,0.714743,0.714743,4.089862784e-01,0.511684316,3.8194,0.608166831
6,chain,2.884237,3.686277,0.80204,0.80204,4.257000463e-01,0.525294964,3.624,0.596575379
6,chain,2.884237,3.784237,0.9,0.9,4.423309057e-01,0.537081647,3.4667,0.584322215
6,ring,2.884237,2.880237,0.004,-0.004,9.166059276e-01,0.542565416,3.397,0.848894157
6,ring,2.884237,2.879749,0.004489,-0.004489,9.165581664e-01,0.736390282,1.8441,0.849014936
6,ring,2.884237,2.879201,0.005037,-0.005037,9.165045257e-01,0.733776422,1.8573,0.849150505
6,ring,2.884237,2.878585,0.005652,-0.005652,9.164442753e-01,0.735933818,1.8464,0.849302681
6,ring,2.884237,2.877895,0.006342,-0.006342,9.163765927e-01,0.736053053,1.8458,0.849473506
6,ring,2.884237,2.87712,0.007117,-0.007117,9.163005511e-01,0.733843339,1.8569,0.849665273
6,ring,2.884237,2.876251,0.007986,-0.007986,9.162151054e-01,0.735610449,1.848,0.849880559
6,ring,2.884237,2.875276,0.008962,-0.008962,9.161190766e-01,0.735593923,1.8481,0.850122265
6,ring,2.884237,2.874181,0.010056,-0.010056,9.160111336e-01,0.735217361,1.85,0.850393647
6,ring,2.884237,2.872953,0.011284,-0.011284,9.158897726e-01,0.735009114,1.851,0.850698372
6,ring,2.884237,2.871575,0.012663,-0.012663,9.157532934e-01,0.735129924,1.8504,0.851040563
6,ring,2.884237,2.870028,0.014209,-0.014209,9.155997719e-01,0.734776182,1.8522,0.85142486
6,ring,2.884237,2.868293,0.015945,-0.015945,9.154270283e-01,0.734169814,1.8553,0.851856489
6,ring,2.884237,2.866345,0.017892,-0.017892,9.152325907e-01,0.715902885,1.9512,0.852341331
6,ring,2.884237,2.86416,0.020078,-0.020078,9.15013652e-01,0.734226585,1.855,0.852886018
6,ring,2.884237,2.861708,0.02253,-0.02253,9.147670203e-01,0.731997481,1.8663,0.853498022
6,ring,2.884237,2.858956,0.025282,-0.025282,9.144890603e-01,0.731166276,1.8705,0.854185772
6,ring,2.884237,2.855868,0.028369,-0.028369,9.141756247e-01,0.732137613,1.8656,0.85495878
6,ring,2.884237,2.852403,0.031834,-0.031834,9.138219727e-01,0.731589882,1.8684,0.855827792
6,ring,2.884237,2.848515,0.035723,-0.035723,9.134226735e-01,0.732029125,1.8661,0.856804952
6,ring,2.884237,2.844152,0.040086,-0.040086,9.129714911e-01,0.731245902,1.8701,0.857903997
6,ring,2.884237,2.839256,0.044982,-0.044982,9.124612458e-01,0.73095838,1.8716,0.859140487
6,ring,2.884237,2.833762,0.050476,-0.050476,9.118836475e-01,0.72905487,1.8814,0.86053206
6,ring,2.884237,2.827597,0.056641,-0.056641,9.112290923e-01,0.72924684,1.8804,0.862098735
6,ring,2.884237,2.820679,0.063559,-0.063559,9.104864149e-01,0.728075204,1.8865,0.86386327
6,ring,2.884237,2.812916,0.071322,-0.071322,9.096425827e-01,0.72342419,1.9108,0.865851575
6,ring,2.884237,2.804205,0.080033,-0.080033,9.086823176e-01,0.725418548,1.9003,0.868093197
6,ring,2.884237,2.79443,0.089808,-0.089808,9.07587622e-01,0.724639828,1.9044,0.870621906
6,ring,2.884237,2.783461,0.100777,-0.100777,9.063371827e-01,0.719839363,1.9299,0.873476373
6,ring,2.884237,2.771152,0.113085,-0.113085,9.049056121e-01,0.720775213,1.9249,0.876701005
6,ring,2.884237,2.75734,0.126898,-0.126898,9.032624756e-01,0.719362808,1.9324,0.88034693
6,ring,2.884237,2.741841,0.142397,-0.142397,9.013710302e-01,0.716847057,1.946,0.88447321
6,ring,2.884237,2.724449,0.159789,-0.159789,8.991865739e-01,0.714001879,1.9616,0.88914831
6,ring,2.884237,2.704932,0.179305,-0.179305,8.966542582e-01,0.710315248,1.982,0.894451926
6,ring,2.884237,2.683032,0.201205,-0.201205,8.937061553e-01,0.707915948,1.9954,0.90047725
6,ring,2.884237,2.658457,0.22578,-0.22578,8.902572738e-01,0.7041507,2.0168,0.907333828
6,ring,2.884237,2.630881,0.253356,-0.253356,8.862000654e-01,0.699801242,2.042,0.915151203
6,ring,2.884237,2.599936,0.284301,-0.284301,8.813967311e-01,0.694595317,2.0727,0.924083614
6,ring,2.884237,2.565212,0.319025,-0.319025,8.756682568e-01,0.667255251,2.246,0.934316149
6,ring,2.884237,2.526247,0.35799,-0.35799,8.687784746e-01,0.68087948,2.157,0.946072933
6,ring,2.884237,2.482523,0.401714,-0.401714,8.604103795e-01,0.672475334,2.2113,0.959628234
6,ring,2.884237,2.433458,0.450779,-0.450779,8.501300275e-01,0.664207339,2.2667,0.975321814
6,ring,2.884237,2.378401,0.505837,-0.505837,8.373298383e-01,0.651279419,2.3576,0.993580644
6,ring,2.884237,2.316618,0.567619,-0.567619,8.211362989e-01,0.637726923,2.4588,1.014950389
6,ring,2.884237,2.24729,0.636947,-0.636947,8.002528667e-01,0.619886137,2.6024,1.040142298
6,ring,2.884237,2.169495,0.714743,-0.714743,7.726767328e-01,0.598783853,2.7891,1.070105073
6,ring,2.884237,2.082197,0.80204,-0.80204,7.351466927e-01,0.569613519,3.082,1.106138471
6,ring,2.884237,1.984237,0.9,-0.9,6.819383854e-01,0.511773916,3.8181,1.150078818
6,ring,2.884237,2.888237,0.004,0.004,9.17382538e-01,0.737526372,1.8384,0.84692106
6,ring,2.884237,2.888726,0.004489,0.004489,9.174296329e-01,0.735733128,1.8474,0.846800847
6,ring,2.884237,2.889274,0.005037,0.005037,9.174824346e-01,0.737710455,1.8375,0.84666599
6,ring,2.884237,2.889889,0.005652,0.005652,9.175416285e-01,0.718817755,1.9354,0.84651471
6,ring,2.884237,2.89058,0.006342,0.006342,9.176079806e-01,0.737810984,1.837,0.846345014
6,ring,2.884237,2.891354,0.007117,0.007117,9.176823469e-01,0.736469856,1.8437,0.846154668
6,ring,2.884237,2.892223,0.007986,0.007986,9.177656831e-01,0.708752748,1.9907,0.845941171
6,ring,2.884237,2.893199,0.008962,0.008962,9.178590557e-01,0.717321397,1.9434,0.845701719
6,ring,2.884237,2.894293,0.010056,0.010056,9.179636538e-01,0.73810893,1.8355,0.845433174
6,ring,2.884237,2.895522,0.011284,0.011284,9.18080803e-01,0.738194647,1.8351,0.845132022
6,ring,2.884237,2.8969,0.012663,0.012663,9.182119785e-01,0.724779997,1.9037,0.84479433
6,ring,2.884237,2.898447,0.014209,0.014209,9.183588214e-01,0.738121245,1.8355,0.844415697
6,ring,2.884237,2.900182,0.015945,0.015945,9.185231551e-01,0.50608317,3.9044,0.843991203
6,ring,2.884237,2.902129,0.017892,0.017892,9.187070024e-01,0.738594965,1.8331,0.843515342
6,ring,2.884237,2.904315,0.020078,0.020078,9.189126052e-01,0.739141454,1.8304,0.842981967
6,ring,2.884237,2.906767,0.02253,0.02253,9.19142443e-01,0.739030547,1.8309,0.842384206
6,ring,2.884237,2.909519,0.025282,0.025282,9.193992541e-01,0.739871363,1.8268,0.841714392
6,ring,2.884237,2.912607,0.028369,0.028369,9.19686056e-01,0.740470897,1.8238,0.840963968
6,ring,2.884237,2.916072,0.031834,0.031834,9.20006166e-01,0.740116818,1.8256,0.840123397
6,ring,2.884237,2.91996,0.035723,0.035723,9.203632213e-01,0.599074802,2.7864,0.839182051
6,ring,2.884237,2.924323,0.040086,0.040086,9.207611976e-01,0.728123885,1.8862,0.838128106
6,ring,2.884237,2.929219,0.044982,0.044982,9.212044258e-01,0.74289339,1.812,0.836948412
6,ring,2.884237,2.934713,0.050476,0.050476,9.216976045e-01,0.743611703,1.8085,0.835628366
6,ring,2.884237,2.940878,0.056641,0.056641,9.222458082e-01,0.743926011,1.8069,0.834151769
6,ring,2.884237,2.947796,0.063559,0.063559,9.228544877e-01,0.744465906,1.8043,0.832500682
6,ring,2.884237,2.955559,0.071322,0.071322,9.235294623e-01,0.745311954,1.8002,0.830655266
6,ring,2.884237,2.96427,0.080033,0.080033,9.242768998e-01,0.743101423,1.8109,0.828593622
6,ring,2.884237,2.974045,0.089808,0.089808,9.251032816e-01,0.745975015,1.797,0.826291631
6,ring,2.884237,2.985014,0.100777,0.100777,9.260153495e-01,0.749697114,1.7792,0.823722782
6,ring,2.884237,2.997323,0.113085,0.113085,9.270200313e-01,0.743628695,1.8084,0.820858021
6,ring,2.884237,3.011135,0.126898,0.126898,9.281243391e-01,0.726076551,1.8969,0.817665592
6,ring,2.884237,3.026634,0.142397,0.142397,9.293352385e-01,0.727921781,1.8873,0.814110909
6,ring,2.884237,3.044026,0.159789,0.159789,9.306594833e-01,0.755975474,1.7498,0.810156445
6,ring,2.884237,3.063542,0.179305,0.179305,9.321034134e-01,0.753094191,1.7632,0.805761657
6,ring,2.884237,3.085442,0.201205,0.201205,9.336727137e-01,0.761595476,1.7241,0.800882966
6,ring,2.884237,3.110017,0.22578,0.22578,9.353721338e-01,0.763226279,1.7167,0.795473793
6,ring,2.884237,3.137594,0.253356,0.253356,9.372051712e-01,0.767605745,1.6972,0.789484687
6,ring,2.884237,3.168538,0.284301,0.284301,9.391737241e-01,0.768999836,1.691,0.782863542
6,ring,2.884237,3.203262,0.319025,0.319025,9.412777257e-01,0.774214093,1.6683,0.77555596
6,ring,2.884237,3.242227,0.35799,0.35799,9.435147741e-01,0.778850454,1.6485,0.767505748
6,ring,2.884237,3.285952,0.401714,0.401714,9.458797824e-01,0.783618012,1.6285,0.758655606
6,ring,2.884237,3.335017,0.450779,0.450779,9.483646743e-01,0.787982008,1.6105,0.748948023
6,ring,2.884237,3.390074,0.505837,0.505837,9.509581604e-01,0.786185796,1.6179,0.738326398
6,ring,2.884237,3.451856,0.567619,0.567619,9.53645629e-01,0.798828065,1.5671,0.726736429
6,ring,2.884237,3.521184,0.636947,0.636947,9.564091872e-01,0.805196761,1.5424,0.714127764
6,ring,2.884237,3.59898,0.714743,0.714743,9.592278821e-01,0.787009103,1.6145,0.700455925
6,ring,2.884237,3.686277,0.80204,0.80204,9.620781216e-01,0.81599228,1.5019,0.685684489
6,ring,2.884237,3.784237,0.9,0.9,9.649342977e-01,0.818777629,1.4917,0.669787468
6,star,2.884237,2.880237,0.004,-0.004,1.120848207e-15,0.827481748,1.4604,0.727322311
6,star,2.884237,2.879749,0.004489,-0.004489,4.557159468e-15,0.840430227,1.4158,0.727419994
6,star,2.884237,2.879201,0.005037,-0.005037,1.2924232e-15,0.843851137,1.4043,0.727529634
6,star,2.884237,2.878585,0.005652,-0.005652,2.2759572e-15,0.796112475,1.5778,0.727652696
6,star,2.884237,2.877895,0.006342,-0.006342,1.580224666e-15,0.836700277,1.4284,0.727790827
6,star,2.884237,2.87712,0.007117,-0.007117,4.468424269e-15,0.816227181,1.501,0.72794588
6,star,2.884237,2.876251,0.007986,-0.007986,4.210228086e-16,0.844172885,1.4033,0.728119932
6,star,2.884237,2.875276,0.008962,-0.008962,8.887272972e-16,0.561531306,3.1714,0.728315321
6,star,2.884237,2.874181,0.010056,-0.010056,2.241262731e-15,0.767130794,1.6993,0.728534673
6,star,2.884237,2.872953,0.011284,-0.011284,1.189076233e-15,0.832995309,1.4412,0.728780941
6,star,2.884237,2.871575,0.012663,-0.012663,5.39488159e-15,0.804561904,1.5448,0.729057444
6,star,2.884237,2.870028,0.014209,-0.014209,1.883394699e-16,0.842054469,1.4103,0.729367916
6,star,2.884237,2.868293,0.015945,-0.015945,4.571313806e-15,0.831426251,1.4466,0.729716557
6,star,2.884237,2.866345,0.017892,-0.017892,1.795346603e-15,0.81554198,1.5035,0.730108094
6,star,2.884237,2.86416,0.020078,-0.020078,1.921079167e-15,0.840645917,1.4151,0.730547846
6,star,2.884237,2.861708,0.02253,-0.02253,4.157846389e-16,0.799494656,1.5645,0.731041805
6,star,2.884237,2.858956,0.025282,-0.025282,1.887379142e-15,0.840808667,1.4145,0.731596722
6,star,2.884237,2.855868,0.028369,-0.028369,2.551940863e-15,0.841983862,1.4106,0.732220204
6,star,2.884237,2.852403,0.031834,-0.031834,4.884330787e-15,0.836652142,1.4286,0.732920831
6,star,2.884237,2.848515,0.035723,-0.035723,5.500970773e-17,0.841232003,1.4131,0.733708283
6,star,2.884237,2.844152,0.040086,-0.040086,2.198328325e-15,0.825044152,1.4691,0.734593492
6,star,2.884237,2.839256,0.044982,-0.044982,4.385152425e-15,0.84477466,1.4013,0.735588808
6,star,2.884237,2.833762,0.050476,-0.050476,2.40385182e-15,0.842819706,1.4078,0.736708197
6,star,2.884237,2.827597,0.056641,-0.056641,4.10892464e-15,0.836246207,1.43,0.737967468
6,star,2.884237,2.820679,0.063559,-0.063559,4.252254473e-15,0.836519078,1.4291,0.73938453
6,star,2.884237,2.812916,0.071322,-0.071322,6.938893904e-16,0.762438061,1.7202,0.740979694
6,star,2.884237,2.804205,0.080033,-0.080033,1.668748411e-15,0.210721121,22.5208,0.742776027
6,star,2.884237,2.79443,0.089808,-0.089808,6.66134662e-16,0.726630636,1.894,0.744799752
6,star,2.884237,2.783461,0.100777,-0.100777,6.106226635e-16,0.832261806,1.4437,0.747080731
6,star,2.884237,2.771152,0.113085,-0.113085,3.376224153e-15,0.838643523,1.4218,0.749653019
6,star,2.884237,2.75734,0.126898,-0.126898,3.454728907e-15,0.752964725,1.7638,0.752555517
6,star,2.884237,2.741841,0.142397,-0.142397,2.108007101e-15,0.80526898,1.5421,0.755832746
6,star,2.884237,2.724449,0.159789,-0.159789,1.36604827e-16,0.654259747,2.3361,0.759535751
6,star,2.884237,2.704932,0.179305,-0.179305,7.630343839e-16,0.797826753,1.571,0.763723184
6,star,2.884237,2.683032,0.201205,-0.201205,3.946495908e-16,0.821807472,1.4807,0.768462568
6,star,2.884237,2.658457,0.22578,-0.22578,5.297688156e-15,0.824358324,1.4715,0.773831807
6,star,2.884237,2.630881,0.253356,-0.253356,6.106229604e-16,0.741542671,1.8186,0.779920956
6,star,2.884237,2.599936,0.284301,-0.284301,1.523984013e-16,0.808010962,1.5317,0.786834295
6,star,2.884237,2.565212,0.319025,-0.319025,5.911070244e-16,0.637562748,2.4601,0.794692733
6,star,2.884237,2.526247,0.35799,-0.35799,9.081548447e-16,0.774570901,1.6668,0.803636501
6,star,2.884237,2.482523,0.401714,-0.401714,1.89625415e-15,0.804947443,1.5434,0.813828069
6,star,2.884237,2.433458,0.450779,-0.450779,2.580401171e-17,0.551979408,3.2821,0.82545497
6,star,2.884237,2.378401,0.505837,-0.505837,2.110475417e-16,0.604455789,2.737,0.838731917
6,star,2.884237,2.316618,0.567619,-0.567619,4.400993459e-15,0.708534836,1.9919,0.85390076
6,star,2.884237,2.24729,0.636947,-0.636947,1.505130113e-15,0.71938302,1.9323,0.871225277
6,star,2.884237,2.169495,0.714743,-0.714743,7.964017119e-15,0.753782391,1.76,0.890974328
6,star,2.884237,2.082197,0.80204,-0.80204,5.456789534e-15,0.735164452,1.8503,0.913379474
6,star,2.884237,1.984237,0.9,-0.9,2.66973943e-15,0.657699073,2.3118,0.938536576
6,star,2.884237,2.888237,0.004,0.004,2.294423907e-15,0.834503233,1.436,0.725725704
6,star,2.884237,2.888726,0.004489,0.004489,3.635980406e-15,0.826599753,1.4636,0.72562838
6,star,2.884237,2.889274,0.005037,0.005037,2.284399491e-15,0.773705702,1.6705,0.725519194
6,star,2.884237,2.889889,0.005652,0.005652,1.271908624e-15,0.827788089,1.4594,0.725396704
6,star,2.884237,2.89058,0.006342,0.006342,3.100887357e-15,0.84205658,1.4103,0.725259292
6,star,2.884237,2.891354,0.007117,0.007117,1.52860309e-15,0.842697238,1.4082,0.725105146
6,star,2.884237,2.892223,0.007986,0.007986,4.673724516e-16,0.823877013,1.4732,0.724932235
6,star,2.884237,2.893199,0.008962,0.008962,2.983817324e-15,0.807531643,1.5335,0.724738282
6,star,2.884237,2.894293,0.010056,0.010056,3.431825137e-15,0.699777286,2.0421,0.724520739
6,star,2.884237,2.895522,0.011284,0.011284,1.930806021e-15,0.843372517,1.4059,0.724276749
6,star,2.884237,2.8969,0.012663,0.012663,3.237671289e-16,0.667178305,2.2466,0.724003114
6,star,2.884237,2.898447,0.014209,0.014209,2.050945644e-16,0.845985264,1.3973,0.723696253
6,star,2.884237,2.900182,0.015945,0.015945,2.064673302e-15,0.816894265,1.4985,0.72335216
6,star,2.884237,2.902129,0.017892,0.017892,6.297046218e-16,0.228013939,19.2343,0.72296635
6,star,2.884237,2.904315,0.020078,0.020078,1.506431912e-15,0.850882048,1.3812,0.722533808
6,star,2.884237,2.906767,0.02253,0.02253,4.953611306e-15,0.838312892,1.4229,0.722048928
6,star,2.884237,2.909519,0.025282,0.025282,2.590814091e-15,0.775819632,1.6614,0.721505443
6,star,2.884237,2.912607,0.028369,0.028369,4.473106456e-15,0.845046317,1.4004,0.720896357
6,star,2.884237,2.916072,0.031834,0.031834,1.276756478e-15,0.808114214,1.5313,0.720213856
6,star,2.884237,2.91996,0.035723,0.035723,4.815483954e-15,0.848115439,1.3902,0.719449227
6,star,2.884237,2.924323,0.040086,0.040086,4.120689317e-15,0.844814835,1.4011,0.718592756
6,star,2.884237,2.929219,0.044982,0.044982,8.56411296e-15,0.850371604,1.3829,0.717633624
6,star,2.884237,2.934713,0.050476,0.050476,1.387778781e-15,0.84617946,1.3966,0.716559794
6,star,2.884237,2.940878,0.056641,0.056641,1.665334537e-16,0.814437877,1.5076,0.715357886
6,star,2.884237,2.947796,0.063559,0.063559,2.038516925e-15,0.815095525,1.5052,0.714013048
6,star,2.884237,2.955559,0.071322,0.071322,6.266892838e-16,0.85372842,1.372,0.712508814
6,star,2.884237,2.96427,0.080033,0.080033,8.937891709e-16,0.827526503,1.4603,0.710826959
6,star,2.884237,2.974045,0.089808,0.089808,2.664535256e-15,0.751217541,1.772,0.70894735
6,star,2.884237,2.985014,0.100777,0.100777,3.280666951e-15,0.847400814,1.3926,0.706847789
6,star,2.884237,2.997323,0.113085,0.113085,9.847979823e-16,0.744104908,1.8061,0.704503858
6,star,2.884237,3.011135,0.126898,0.126898,5.547483046e-15,0.811946331,1.5169,0.701888772
6,star,2.884237,3.026634,0.142397,0.142397,6.01526303e-16,0.824580944,1.4707,0.698973238
6,star,2.884237,3.044026,0.159789,0.159789,3.193192238e-15,0.699033815,2.0465,0.695725337
6,star,2.884237,3.063542,0.179305,0.179305,8.256741645e-16,0.801956016,1.5549,0.692110427
6,star,2.884237,3.085442,0.201205,0.201205,3.0444397e-16,0.809072137,1.5277,0.688091089
6,star,2.884237,3.110017,0.22578,0.22578,1.629297097e-15,0.676076369,2.1878,0.68362713
6,star,2.884237,3.137594,0.253356,0.253356,3.503260507e-16,0.863669426,1.3406,0.678675651
6,star,2.884237,3.168538,0.284301,0.284301,4.505402128e-16,0.851679822,1.3786,0.673191209
6,star,2.884237,3.203262,0.319025,0.319025,3.608225373e-16,0.821531131,1.4817,0.667126094
6,star,2.884237,3.242227,0.35799,0.35799,3.226585665e-15,0.872358629,1.314,0.660430745
6,star,2.884237,3.285952,0.401714,0.401714,4.181351292e-16,0.876489295,1.3017,0.653054332
6,star,2.884237,3.335017,0.450779,0.450779,2.02615702e-15,0.768142796,1.6948,0.644945531
6,star,2.884237,3.390074,0.505837,0.505837,6.399486396e-15,0.883917448,1.2799,0.636053521
6,star,2.884237,3.451856,0.567619,0.567619,3.49483991e-16,0.878815785,1.2948,0.626329212
6,star,2.884237,3.521184,0.636947,0.636947,1.775354828e-15,0.862449266,1.3444,0.615726727
6,star,2.884237,3.59898,0.714743,0.714743,5.928260886e-16,0.893696415,1.252,0.604205125
6,star,2.884237,3.686277,0.80204,0.80204,1.156735298e-15,0.888961838,1.2654,0.591730349
6,star,2.884237,3.784237,0.9,0.9,1.79175251e-15,0.863971785,1.3397,0.578277349
