N,topo,sector,Q,pc,pr,imMax,rigidity,rate
4,chain,0_1,0.6,0,1,1.618033989e+00,1,3.333333333
4,chain,0_1,0.69153,0,1,1.618033989e+00,1,2.892156863
4,chain,0_1,0.78305,0,1,1.618033989e+00,1,2.554112554
4,chain,0_1,0.87458,0,1,1.618033989e+00,1,2.286821705
4,chain,0_1,0.9661,0,1,1.618033989e+00,1,2.070175439
4,chain,0_1,1.05763,0,1,1.618033989e+00,1,1.891025641
4,chain,0_1,1.14915,0,1,1.618033989e+00,1,1.740412979
4,chain,0_1,1.24068,0,1,1.618033989e+00,1,1.612021858
4,chain,0_1,1.3322,0,1,1.618033989e+00,1,1.501272265
4,chain,0_1,1.42373,0,1,1.618033989e+00,1,1.404761905
4,chain,0_1,1.51525,0,1,1.618033989e+00,1,1.319910515
4,chain,0_1,1.60678,0,1,6.180339887e-01,1,1.244725738
4,chain,0_1,1.69831,0,1,6.180339887e-01,1,1.177644711
4,chain,0_1,1.78983,0,1,1.618033989e+00,1,1.117424242
4,chain,0_1,1.88136,0,1,1.618033989e+00,1,1.063063063
4,chain,0_1,1.97288,0,1,6.180339887e-01,1,1.013745704
4,chain,0_1,2.06441,0,1,1.618033989e+00,1,0.968801314
4,chain,0_1,2.15593,0,1,1.618033989e+00,1,0.927672956
4,chain,0_1,2.24746,0,1,1.618033989e+00,1,0.889894419
4,chain,0_1,2.33898,0,1,6.180339887e-01,1,0.855072464
4,chain,0_1,2.43051,0,1,1.618033989e+00,1,0.822873082
4,chain,0_1,2.52203,0,1,1.618033989e+00,1,0.793010753
4,chain,0_1,2.61356,0,1,1.618033989e+00,1,0.765239948
4,chain,0_1,2.70508,0,1,1.618033989e+00,1,0.739348371
4,chain,0_1,2.79661,0,1,1.618033989e+00,1,0.715151515
4,chain,0_1,2.88814,0,1,1.618033989e+00,1,0.692488263
4,chain,0_1,2.97966,0,1,6.180339887e-01,1,0.671217292
4,chain,0_1,3.07119,0,1,1.618033989e+00,1,0.651214128
4,chain,0_1,3.16271,0,1,1.618033989e+00,1,0.632368703
4,chain,0_1,3.25424,0,1,1.618033989e+00,1,0.614583333
4,chain,0_1,3.34576,0,1,1.618033989e+00,1,0.597771023
4,chain,0_1,3.43729,0,1,1.618033989e+00,1,0.581854043
4,chain,0_1,3.52881,0,1,6.180339887e-01,1,0.566762728
4,chain,0_1,3.62034,0,1,1.618033989e+00,1,0.552434457
4,chain,0_1,3.71186,0,1,6.180339887e-01,1,0.538812785
4,chain,0_1,3.80339,0,1,1.618033989e+00,1,0.525846702
4,chain,0_1,3.89492,0,1,1.618033989e+00,1,0.513489991
4,chain,0_1,3.98644,0,1,6.180339887e-01,1,0.50170068
4,chain,0_1,4.07797,0,1,6.180339887e-01,1,0.490440565
4,chain,0_1,4.16949,0,1,6.180339887e-01,1,0.479674797
4,chain,0_1,4.26102,0,1,1.618033989e+00,1,0.469371519
4,chain,0_1,4.35254,0,1,6.180339887e-01,1,0.459501558
4,chain,0_1,4.44407,0,1,1.618033989e+00,1,0.450038139
4,chain,0_1,4.53559,0,1,1.618033989e+00,1,0.440956652
4,chain,0_1,4.62712,0,1,6.180339887e-01,1,0.432234432
4,chain,0_1,4.71864,0,1,1.618033989e+00,1,0.423850575
4,chain,0_1,4.81017,0,1,1.618033989e+00,1,0.415785765
4,chain,0_1,4.90169,0,1,6.180339887e-01,1,0.40802213
4,chain,0_1,4.99322,0,1,6.180339887e-01,1,0.400543109
4,chain,0_1,5.08475,0,1,6.180339887e-01,1,0.393333333
4,chain,0_1,5.17627,0,1,1.618033989e+00,1,0.38637852
4,chain,0_1,5.2678,0,1,6.180339887e-01,1,0.37966538
4,chain,0_1,5.35932,0,1,6.180339887e-01,1,0.373181531
4,chain,0_1,5.45085,0,1,6.180339887e-01,1,0.366915423
4,chain,0_1,5.54237,0,1,1.618033989e+00,1,0.360856269
4,chain,0_1,5.6339,0,1,6.180339887e-01,1,0.354993983
4,chain,0_1,5.72542,0,1,1.618033989e+00,1,0.349319124
4,chain,0_1,5.81695,0,1,1.618033989e+00,1,0.343822844
4,chain,0_1,5.90847,0,1,1.618033989e+00,1,0.338496845
4,chain,0_1,6,0,1,1.618033989e+00,1,0.333333333
4,chain,2_2,0.6,2,2,2.667340174e-16,0.946023855,0.180264088
4,chain,2_2,0.69153,2,2,1.601672535e-16,0.927709149,0.209604894
4,chain,2_2,0.78305,2,2,1.729050337e-16,0.906402843,0.239828955
4,chain,2_2,0.87458,2,2,1.662062027e-16,0.881910179,0.271131587
4,chain,2_2,0.9661,2,2,8.435911545e-16,0.853981908,0.303750985
4,chain,2_2,1.05763,2,2,4.144223129e-16,0.82229575,0.337985263
4,chain,2_2,1.14915,2,2,5.008301729e-17,0.786428124,0.374218485
4,chain,2_2,1.24068,2,2,2.147818731e-15,0.745809273,0.412962306
4,chain,2_2,1.3322,2,2,2.230268298e-15,0.699648106,0.454926472
4,chain,2_2,1.42373,2,2,1.484934608e-15,0.646797386,0.501146945
4,chain,2_2,1.51525,2,2,7.583939944e-16,0.585488478,0.553241791
4,chain,2_2,1.60678,2,2,6.873710708e-17,0.512736752,0.613994275
4,chain,2_2,1.69831,2,2,3.055920992e-16,0.422711667,0.68898017
4,chain,2_2,1.78983,2,2,6.184242868e-16,0.300276451,0.793151254
4,chain,2_2,1.88136,2,2,5.599991781e-02,0.052091628,1.078461909
4,chain,2_2,1.97288,2,2,3.240518013e-01,0.300420418,1.029877641
4,chain,2_2,2.06441,2,2,4.39926694e-01,0.406418145,0.985663369
4,chain,2_2,2.15593,2,2,5.205057603e-01,0.479117178,0.945261851
4,chain,2_2,2.24746,2,2,5.821967892e-01,0.533897252,0.908206549
4,chain,2_2,2.33898,2,2,6.317021819e-01,0.577062724,0.874103868
4,chain,2_2,2.43051,2,2,6.725898039e-01,0.611980908,0.842619421
4,chain,2_2,2.52203,2,2,7.070364507e-01,0.64071355,0.813467278
4,chain,2_2,2.61356,2,2,7.364865139e-01,0.664634127,0.786401476
4,chain,2_2,2.70508,2,2,7.619545504e-01,0.684711825,0.761209251
4,chain,2_2,2.79661,2,2,7.841831393e-01,0.701659884,0.737705603
4,chain,2_2,2.88814,2,2,8.037330031e-01,0.716020389,0.715728888
4,chain,2_2,2.97966,2,2,8.210380352e-01,0.72821609,0.695137228
4,chain,2_2,3.07119,2,2,8.364406925e-01,0.738583759,0.675805564
4,chain,2_2,3.16271,2,2,8.502157224e-01,0.747396552,0.657623215
4,chain,2_2,3.25424,2,2,8.62586613e-01,0.754879511,0.640491853
4,chain,2_2,3.34576,2,2,8.737373231e-01,0.761220608,0.624323816
4,chain,2_2,3.43729,2,2,8.838208436e-01,0.766578784,0.609040681
4,chain,2_2,3.52881,2,2,8.929655739e-01,0.771089918,0.594572068
4,chain,2_2,3.62034,2,2,9.012801538e-01,0.774871322,0.580854626
4,chain,2_2,3.71186,2,2,9.088571806e-01,0.778025172,0.567831164
4,chain,2_2,3.80339,2,2,9.157761062e-01,0.780641153,0.555449914
4,chain,2_2,3.89492,2,2,9.221055233e-01,0.782798515,0.543663901
4,chain,2_2,3.98644,2,2,9.279049867e-01,0.784567679,0.532430394
4,chain,2_2,4.07797,2,2,9.332264787e-01,0.786011502,0.521710438
4,chain,2_2,4.16949,2,2,9.381155986e-01,0.787186269,0.511468448
4,chain,2_2,4.26102,2,2,9.426125339e-01,0.788142484,0.501671855
4,chain,2_2,4.35254,2,2,9.467528606e-01,0.788925495,0.492290796
4,chain,2_2,4.44407,2,2,9.505682048e-01,0.789575988,0.483297851
4,chain,2_2,4.53559,2,2,9.540867938e-01,0.790130396,0.474667805
4,chain,2_2,4.62712,2,2,9.573339166e-01,0.790621218,0.46637744
4,chain,2_2,4.71864,2,2,9.603323115e-01,0.79107729,0.458405355
4,chain,2_2,4.81017,2,2,9.631024915e-01,0.791524023,0.450731807
4,chain,2_2,4.90169,2,2,9.65663021e-01,0.791983596,0.44333856
4,chain,2_2,4.99322,2,2,9.680307495e-01,0.792475149,0.436208768
4,chain,2_2,5.08475,2,2,9.702210114e-01,0.793014956,0.429326852
4,chain,2_2,5.17627,2,2,9.722477964e-01,0.793616596,0.4226784
4,chain,2_2,5.2678,2,2,9.741238948e-01,0.794291127,0.416250076
4,chain,2_2,5.35932,2,2,9.758610237e-01,0.79504726,0.410029531
4,chain,2_2,5.45085,2,2,9.774699349e-01,0.795891537,0.404005328
4,chain,2_2,5.54237,2,2,9.789605084e-01,0.796828512,0.398166871
4,chain,2_2,5.6339,2,2,9.803418345e-01,0.797860941,0.392504338
4,chain,2_2,5.72542,2,2,9.816222847e-01,0.798989963,0.387008623
4,chain,2_2,5.81695,2,2,9.828095748e-01,0.800215288,0.381671278
4,chain,2_2,5.90847,2,2,9.839108207e-01,0.801535381,0.376484464
4,chain,2_2,6,2,2,9.84932587e-01,0.802947638,0.371440899
4,ring,0_1,0.6,0,1,2e+00,1,3.333333333
4,ring,0_1,0.69153,0,1,0e+00,1,2.892156863
4,ring,0_1,0.78305,0,1,2e+00,1,2.554112554
4,ring,0_1,0.87458,0,1,2e+00,1,2.286821705
4,ring,0_1,0.9661,0,1,2e+00,1,2.070175439
4,ring,0_1,1.05763,0,1,2e+00,1,1.891025641
4,ring,0_1,1.14915,0,1,2e+00,1,1.740412979
4,ring,0_1,1.24068,0,1,2e+00,1,1.612021858
4,ring,0_1,1.3322,0,1,2e+00,1,1.501272265
4,ring,0_1,1.42373,0,1,2e+00,1,1.404761905
4,ring,0_1,1.51525,0,1,2e+00,1,1.319910515
4,ring,0_1,1.60678,0,1,2e+00,1,1.244725738
4,ring,0_1,1.69831,0,1,2e+00,1,1.177644711
4,ring,0_1,1.78983,0,1,2e+00,1,1.117424242
4,ring,0_1,1.88136,0,1,2.428612866e-17,0.969783273,1.063063063
4,ring,0_1,1.97288,0,1,2e+00,1,1.013745704
4,ring,0_1,2.06441,0,1,1.665334537e-16,0.981293378,0.968801314
4,ring,0_1,2.15593,0,1,1.110223025e-16,0.883492326,0.927672956
4,ring,0_1,2.24746,0,1,2e+00,1,0.889894419
4,ring,0_1,2.33898,0,1,3.469446952e-17,0.979481903,0.855072464
4,ring,0_1,2.43051,0,1,2e+00,1,0.822873082
4,ring,0_1,2.52203,0,1,2e+00,1,0.793010753
4,ring,0_1,2.61356,0,1,2e+00,1,0.765239948
4,ring,0_1,2.70508,0,1,1.908195824e-17,0.907524365,0.739348371
4,ring,0_1,2.79661,0,1,2e+00,1,0.715151515
4,ring,0_1,2.88814,0,1,1.110223025e-16,0.965376139,0.692488263
4,ring,0_1,2.97966,0,1,3.816391647e-17,0.970315645,0.671217292
4,ring,0_1,3.07119,0,1,2e+00,1,0.651214128
4,ring,0_1,3.16271,0,1,2e+00,1,0.632368703
4,ring,0_1,3.25424,0,1,2e+00,1,0.614583333
4,ring,0_1,3.34576,0,1,2e+00,1,0.597771023
4,ring,0_1,3.43729,0,1,2e+00,1,0.581854043
4,ring,0_1,3.52881,0,1,5.551115123e-17,0.800355793,0.566762728
4,ring,0_1,3.62034,0,1,2e+00,1,0.552434457
4,ring,0_1,3.71186,0,1,2e+00,1,0.538812785
4,ring,0_1,3.80339,0,1,2e+00,1,0.525846702
4,ring,0_1,3.89492,0,1,1.110223025e-16,0.944443219,0.513489991
4,ring,0_1,3.98644,0,1,2e+00,1,0.50170068
4,ring,0_1,4.07797,0,1,2e+00,1,0.490440565
4,ring,0_1,4.16949,0,1,2e+00,1,0.479674797
4,ring,0_1,4.26102,0,1,2e+00,1,0.469371519
4,ring,0_1,4.35254,0,1,2e+00,1,0.459501558
4,ring,0_1,4.44407,0,1,2e+00,1,0.450038139
4,ring,0_1,4.53559,0,1,2e+00,1,0.440956652
4,ring,0_1,4.62712,0,1,2e+00,1,0.432234432
4,ring,0_1,4.71864,0,1,1.110223025e-16,0.949269448,0.423850575
4,ring,0_1,4.81017,0,1,2e+00,1,0.415785765
4,ring,0_1,4.90169,0,1,9.020562075e-17,0.891490239,0.40802213
4,ring,0_1,4.99322,0,1,2e+00,1,0.400543109
4,ring,0_1,5.08475,0,1,2e+00,1,0.393333333
4,ring,0_1,5.17627,0,1,2e+00,1,0.38637852
4,ring,0_1,5.2678,0,1,1.734723476e-18,0.851204517,0.37966538
4,ring,0_1,5.35932,0,1,2e+00,1,0.373181531
4,ring,0_1,5.45085,0,1,2e+00,1,0.366915423
4,ring,0_1,5.54237,0,1,3.122502257e-17,0.828202017,0.360856269
4,ring,0_1,5.6339,0,1,2e+00,1,0.354993983
4,ring,0_1,5.72542,0,1,5.551115123e-17,0.921400886,0.349319124
4,ring,0_1,5.81695,0,1,2e+00,1,0.343822844
4,ring,0_1,5.90847,0,1,1.110223025e-16,0.897085227,0.338496845
4,ring,0_1,6,0,1,2e+00,1,0.333333333
4,ring,2_2,0.6,2,2,4.440892099e-16,0.790821283,0.594253905
4,ring,2_2,0.69153,2,2,5.657637987e-16,0.764647997,0.679281767
4,ring,2_2,0.78305,2,2,6.661338148e-16,0.68645868,0.759189016
4,ring,2_2,0.87458,2,2,1.050285051e-15,0.664794053,0.831408068
4,ring,2_2,0.9661,2,2,8.326672685e-16,0.637305823,0.893036215
4,ring,2_2,1.05763,2,2,9.992007222e-16,0.602453552,0.941452831
4,ring,2_2,1.14915,2,2,1.492016349e-15,0.647285948,0.97511916
4,ring,2_2,1.24068,2,2,9.992007222e-16,0.431574817,0.994107555
4,ring,2_2,1.3322,2,2,8.099971181e-16,0.630442447,0.999999191
4,ring,2_2,1.42373,2,2,4.440892099e-16,0.612692821,0.995268337
4,ring,2_2,1.51525,2,2,5.751184305e-17,0.695468455,0.982585262
4,ring,2_2,1.60678,2,2,6.661338148e-16,0.602194526,0.964348776
4,ring,2_2,1.69831,2,2,9.418389682e-16,0.704691344,0.942493487
4,ring,2_2,1.78983,2,2,1.253642001e-15,0.693774172,0.918478349
4,ring,2_2,1.88136,2,2,2.879831553e-16,0.692952037,0.893356488
4,ring,2_2,1.97288,2,2,5.070204111e-16,0.783207782,0.867864806
4,ring,2_2,2.06441,2,2,2.359223927e-16,0.721819229,0.84250579
4,ring,2_2,2.15593,2,2,5.551115123e-16,0.804140162,0.817613097
4,ring,2_2,2.24746,2,2,2.220446049e-16,0.822788918,0.793400885
4,ring,2_2,2.33898,2,2,3.330669074e-16,0.753281994,0.769999717
4,ring,2_2,2.43051,2,2,3.021942505e-16,0.831014919,0.7474822
4,ring,2_2,2.52203,2,2,4.586173655e-16,0.850093618,0.725881133
4,ring,2_2,2.61356,2,2,2.856694214e-16,0.729895677,0.705202275
4,ring,2_2,2.70508,2,2,1.387778781e-16,0.87119427,0.685433312
4,ring,2_2,2.79661,2,2,1.804112415e-16,0.838524652,0.666550138
4,ring,2_2,2.88814,2,2,2.918631554e-17,0.693164948,0.648521248
4,ring,2_2,2.97966,2,2,4.433458245e-16,0.850802482,0.631310792
4,ring,2_2,3.07119,2,2,8.142747261e-17,0.704676053,0.614880701
4,ring,2_2,3.16271,2,2,5.297826564e-17,0.826941603,0.599192146
4,ring,2_2,3.25424,2,2,3.032920052e-16,0.737984727,0.584206523
4,ring,2_2,3.34576,2,2,2.602907229e-17,0.906638435,0.569886115
4,ring,2_2,3.43729,2,2,6.661338148e-16,0.918905177,0.556194514
4,ring,2_2,3.52881,2,2,2.621973722e-16,0.633873855,0.543096881
4,ring,2_2,3.62034,2,2,7.739626653e-17,0.719628876,0.530560086
4,ring,2_2,3.71186,2,2,1.888427044e-16,0.84889744,0.518552773
4,ring,2_2,3.80339,2,2,9.081347014e-17,0.674481336,0.507045366
4,ring,2_2,3.89492,2,2,1.227582807e-16,0.929722889,0.496010034
4,ring,2_2,3.98644,2,2,2.788547471e-17,0.676476544,0.485420641
4,ring,2_2,4.07797,2,2,7.05857036e-17,0.834422651,0.47525267
4,ring,2_2,4.16949,2,2,8.860686003e-17,0.943674815,0.465483143
4,ring,2_2,4.26102,2,2,1.049916624e-16,0.943573757,0.456090537
4,ring,2_2,4.35254,2,2,1.386163212e-16,0.897642739,0.447054699
4,ring,2_2,4.44407,2,2,1.665334537e-16,0.945982818,0.438356758
4,ring,2_2,4.53559,2,2,9.575506288e-17,0.941475719,0.429979041
4,ring,2_2,4.62712,2,2,7.632783294e-17,0.947372677,0.421904997
4,ring,2_2,4.71864,2,2,8.326672685e-17,0.939775253,0.414119118
4,ring,2_2,4.81017,2,2,3.903127821e-18,0.810565875,0.406606871
4,ring,2_2,4.90169,2,2,9.538268612e-17,0.925629992,0.399354624
4,ring,2_2,4.99322,2,2,2.297909859e-16,0.951735695,0.392349593
4,ring,2_2,5.08475,2,2,2.108807107e-16,0.689467818,0.385579773
4,ring,2_2,5.17627,2,2,2.775557562e-17,0.947277386,0.379033889
4,ring,2_2,5.2678,2,2,1.387778781e-16,0.803011694,0.372701348
4,ring,2_2,5.35932,2,2,4.559720432e-16,0.919910182,0.366572183
4,ring,2_2,5.45085,2,2,1.093198324e-16,0.949310272,0.360637019
4,ring,2_2,5.54237,2,2,1.278364557e-16,0.933889414,0.354887027
4,ring,2_2,5.6339,2,2,7.193681414e-17,0.879520848,0.349313886
4,ring,2_2,5.72542,2,2,1.339260734e-16,0.967296332,0.343909754
4,ring,2_2,5.81695,2,2,9.634152742e-18,0.953461404,0.338667229
4,ring,2_2,5.90847,2,2,9.250033888e-17,0.969064577,0.333579325
4,ring,2_2,6,2,2,1.387778781e-16,0.901662182,0.328639442
4,star,0_1,0.6,0,1,1.732050808e+00,1,3.333333333
4,star,0_1,0.69153,0,1,7.042977312e-16,0.946692552,2.892156863
4,star,0_1,0.78305,0,1,1.732050808e+00,1,2.554112554
4,star,0_1,0.87458,0,1,0e+00,0.982391898,2.286821705
4,star,0_1,0.9661,0,1,1.752070711e-16,0.88098487,2.070175439
4,star,0_1,1.05763,0,1,1.732050808e+00,1,1.891025641
4,star,0_1,1.14915,0,1,1.732050808e+00,1,1.740412979
4,star,0_1,1.24068,0,1,0e+00,1,1.612021858
4,star,0_1,1.3322,0,1,4.510281038e-16,0.987539364,1.501272265
4,star,0_1,1.42373,0,1,0e+00,0.914888262,1.404761905
4,star,0_1,1.51525,0,1,1.214306433e-17,1,1.319910515
4,star,0_1,1.60678,0,1,1.847480502e-16,0.907164266,1.244725738
4,star,0_1,1.69831,0,1,1.732050808e+00,1,1.177644711
4,star,0_1,1.78983,0,1,1.732050808e+00,1,1.117424242
4,star,0_1,1.88136,0,1,4.33680869e-17,0.878763684,1.063063063
4,star,0_1,1.97288,0,1,1.732050808e+00,1,1.013745704
4,star,0_1,2.06441,0,1,1.732050808e+00,1,0.968801314
4,star,0_1,2.15593,0,1,1.732050808e+00,1,0.927672956
4,star,0_1,2.24746,0,1,1.732050808e+00,1,0.889894419
4,star,0_1,2.33898,0,1,3.530162274e-16,0.988393626,0.855072464
4,star,0_1,2.43051,0,1,1.240327285e-16,0.943618704,0.822873082
4,star,0_1,2.52203,0,1,0e+00,0.875140848,0.793010753
4,star,0_1,2.61356,0,1,1.732050808e+00,1,0.765239948
4,star,0_1,2.70508,0,1,1.732050808e+00,1,0.739348371
4,star,0_1,2.79661,0,1,2.940356292e-16,0.989752287,0.715151515
4,star,0_1,2.88814,0,1,2.090341789e-16,0.956060693,0.692488263
4,star,0_1,2.97966,0,1,1.732050808e+00,1,0.671217292
4,star,0_1,3.07119,0,1,1.732050808e+00,1,0.651214128
4,star,0_1,3.16271,0,1,0e+00,0.896916313,0.632368703
4,star,0_1,3.25424,0,1,1.732050808e+00,1,0.614583333
4,star,0_1,3.34576,0,1,1.732050808e+00,1,0.597771023
4,star,0_1,3.43729,0,1,0e+00,0.948683298,0.581854043
4,star,0_1,3.52881,0,1,5.637851297e-18,0.960792731,0.566762728
4,star,0_1,3.62034,0,1,0e+00,1,0.552434457
4,star,0_1,3.71186,0,1,0e+00,1,0.538812785
4,star,0_1,3.80339,0,1,2.354887119e-16,0.980948543,0.525846702
4,star,0_1,3.89492,0,1,1.732050808e+00,1,0.513489991
4,star,0_1,3.98644,0,1,1.175275155e-16,0.859495471,0.50170068
4,star,0_1,4.07797,0,1,0e+00,0.975984513,0.490440565
4,star,0_1,4.16949,0,1,0e+00,0.990602365,0.479674797
4,star,0_1,4.26102,0,1,1.732050808e+00,1,0.469371519
4,star,0_1,4.35254,0,1,1.732050808e+00,1,0.459501558
4,star,0_1,4.44407,0,1,0e+00,0.9701425,0.450038139
4,star,0_1,4.53559,0,1,1.732050808e+00,1,0.440956652
4,star,0_1,4.62712,0,1,1.09287579e-16,0.951926892,0.432234432
4,star,0_1,4.71864,0,1,5.551115123e-17,0.901446313,0.423850575
4,star,0_1,4.81017,0,1,1.732050808e+00,1,0.415785765
4,star,0_1,4.90169,0,1,0e+00,0.986393924,0.40802213
4,star,0_1,4.99322,0,1,1.578598363e-16,0.963128176,0.400543109
4,star,0_1,5.08475,0,1,1.732050808e+00,1,0.393333333
4,star,0_1,5.17627,0,1,2.216109241e-16,0.994821981,0.38637852
4,star,0_1,5.2678,0,1,1.732050808e+00,1,0.37966538
4,star,0_1,5.35932,0,1,1.732050808e+00,1,0.373181531
4,star,0_1,5.45085,0,1,1.732050808e+00,1,0.366915423
4,star,0_1,5.54237,0,1,0e+00,0.981716131,0.360856269
4,star,0_1,5.6339,0,1,0e+00,1,0.354993983
4,star,0_1,5.72542,0,1,1.732050808e+00,1,0.349319124
4,star,0_1,5.81695,0,1,0e+00,0.99503719,0.343822844
4,star,0_1,5.90847,0,1,1.582935172e-16,0.956845827,0.338496845
4,star,0_1,6,0,1,1.732050808e+00,1,0.333333333
4,star,2_2,0.6,2,2,4.501975919e-16,0.900160416,0.307071991
4,star,2_2,0.69153,2,2,8.214681123e-17,0.879760041,0.35676499
4,star,2_2,0.78305,2,2,2.624542669e-16,0.831762444,0.407803451
4,star,2_2,0.87458,2,2,1.500861067e-15,0.806437224,0.460467746
4,star,2_2,0.9661,2,2,5.551115123e-16,0.742461301,0.515091523
4,star,2_2,1.05763,2,2,6.608412134e-16,0.641888891,0.572080581
4,star,2_2,1.14915,2,2,3.226585665e-16,0.661401799,0.631940325
4,star,2_2,1.24068,2,2,1.232189621e-15,0.614462377,0.695317182
4,star,2_2,1.3322,2,2,1.34858006e-15,0.555730712,0.763063864
4,star,2_2,1.42373,2,2,2.90436078e-15,0.43283684,0.83634768
4,star,2_2,1.51525,2,2,1.014176265e-15,0.432905684,0.916842484
4,star,2_2,1.60678,2,2,2.655990606e-15,0.316493996,1.007099071
4,star,2_2,1.69831,2,2,8.326672685e-16,0.289913616,1.111348805
4,star,2_2,1.78983,2,2,2.398866287e-15,0.220891734,1.237578336
4,star,2_2,1.88136,2,2,1.242876671e-15,0.77405019,1.322522138
4,star,2_2,1.97288,2,2,1.552579039e-16,0.63409837,1.270814562
4,star,2_2,2.06441,2,2,4.404023184e-16,0.814442353,1.222237702
4,star,2_2,2.15593,2,2,8.954760752e-16,0.821983633,1.176678915
4,star,2_2,2.24746,2,2,4.293440603e-16,0.768143496,1.133975607
4,star,2_2,2.33898,2,2,5.600206377e-16,0.775822916,1.093943889
4,star,2_2,2.43051,2,2,8.703675854e-16,0.831859469,1.056394907
4,star,2_2,2.52203,2,2,6.821937067e-16,0.867557056,1.021143959
4,star,2_2,2.61356,2,2,7.701516643e-16,0.874283481,0.988015367
4,star,2_2,2.70508,2,2,8.578207589e-16,0.85421893,0.956844828
4,star,2_2,2.79661,2,2,4.471001868e-16,0.890720908,0.927480299
4,star,2_2,2.88814,2,2,1.353084311e-16,0.84969778,0.899782014
4,star,2_2,2.97966,2,2,4.996779455e-16,0.902316891,0.873622034
4,star,2_2,3.07119,2,2,8.376817035e-16,0.915507529,0.848883534
4,star,2_2,3.16271,2,2,5.794925087e-16,0.907342573,0.825459982
4,star,2_2,3.25424,2,2,7.107487342e-16,0.914941101,0.803254287
4,star,2_2,3.34576,2,2,3.764349943e-16,0.914437355,0.782177959
4,star,2_2,3.43729,2,2,1.069474785e-16,0.922666352,0.762150313
4,star,2_2,3.52881,2,2,7.171997371e-17,0.930333759,0.743097724
4,star,2_2,3.62034,2,2,1.178777636e-16,0.922075851,0.724952953
4,star,2_2,3.71186,2,2,9.020562075e-17,0.91924432,0.70765452
4,star,2_2,3.80339,2,2,1.449036204e-16,0.935611074,0.69114615
4,star,2_2,3.89492,2,2,1.110231611e-16,0.538966574,0.675376265
4,star,2_2,3.98644,2,2,3.636414087e-16,0.932778683,0.660297531
4,star,2_2,4.07797,2,2,1.876884532e-16,0.95067763,0.645866452
4,star,2_2,4.16949,2,2,4.531965081e-16,0.936012457,0.632043005
4,star,2_2,4.26102,2,2,8.326813347e-17,0.95028629,0.618790314
4,star,2_2,4.35254,2,2,3.118165448e-16,0.949683056,0.606074358
4,star,2_2,4.44407,2,2,5.859452255e-17,0.9581155,0.593863707
4,star,2_2,4.53559,2,2,4.360661138e-16,0.912902712,0.582129288
4,star,2_2,4.62712,2,2,2.574253389e-16,0.957237777,0.570844177
4,star,2_2,4.71864,2,2,3.450473414e-17,0.962161839,0.559983403
4,star,2_2,4.81017,2,2,2.775557562e-17,0.939572486,0.549523783
4,star,2_2,4.90169,2,2,6.14582131e-16,0.9578725,0.539443765
4,star,2_2,4.99322,2,2,3.609052264e-16,0.949395901,0.529723293
4,star,2_2,5.08475,2,2,1.125862148e-16,0.967494807,0.520343678
4,star,2_2,5.17627,2,2,4.970770149e-16,0.940958295,0.511287488
4,star,2_2,5.2678,2,2,4.331387679e-17,0.963812483,0.502538447
4,star,2_2,5.35932,2,2,1.942903769e-16,0.95038919,0.494081337
4,star,2_2,5.45085,2,2,4.440892099e-16,0.969745617,0.485901921
4,star,2_2,5.54237,2,2,4.733084584e-16,0.925641868,0.477986862
4,star,2_2,5.6339,2,2,1.665361411e-16,0.953669256,0.470323654
4,star,2_2,5.72542,2,2,2.91433544e-16,0.964196118,0.462900562
4,star,2_2,5.81695,2,2,2.468728347e-16,0.970163678,0.455706561
4,star,2_2,5.90847,2,2,2.963495157e-16,0.949673467,0.448731285
4,star,2_2,6,2,2,1.323810853e-16,0.972610363,0.441964979
5,chain,0_1,0.6,0,1,1e+00,1,3.333333333
5,chain,0_1,0.69153,0,1,1e+00,1,2.892156863
5,chain,0_1,0.78305,0,1,1.732050808e+00,1,2.554112554
5,chain,0_1,0.87458,0,1,1.732050808e+00,1,2.286821705
5,chain,0_1,0.9661,0,1,1.732050808e+00,1,2.070175439
5,chain,0_1,1.05763,0,1,1.732050808e+00,1,1.891025641
5,chain,0_1,1.14915,0,1,1.732050808e+00,1,1.740412979
5,chain,0_1,1.24068,0,1,1.156786083e-16,1,1.612021858
5,chain,0_1,1.3322,0,1,1.732050808e+00,1,1.501272265
5,chain,0_1,1.42373,0,1,1.732050808e+00,1,1.404761905
5,chain,0_1,1.51525,0,1,1.732050808e+00,1,1.319910515
5,chain,0_1,1.60678,0,1,1.732050808e+00,1,1.244725738
5,chain,0_1,1.69831,0,1,1.732050808e+00,1,1.177644711
5,chain,0_1,1.78983,0,1,1e+00,1,1.117424242
5,chain,0_1,1.88136,0,1,1.732050808e+00,1,1.063063063
5,chain,0_1,1.97288,0,1,1.732050808e+00,1,1.013745704
5,chain,0_1,2.06441,0,1,7.866089942e-17,1,0.968801314
5,chain,0_1,2.15593,0,1,1.732050808e+00,1,0.927672956
5,chain,0_1,2.24746,0,1,1e+00,1,0.889894419
5,chain,0_1,2.33898,0,1,2.477563196e-16,1,0.855072464
5,chain,0_1,2.43051,0,1,1e+00,1,0.822873082
5,chain,0_1,2.52203,0,1,1.732050808e+00,1,0.793010753
5,chain,0_1,2.61356,0,1,1.732050808e+00,1,0.765239948
5,chain,0_1,2.70508,0,1,1.732050808e+00,1,0.739348371
5,chain,0_1,2.79661,0,1,1e+00,1,0.715151515
5,chain,0_1,2.88814,0,1,1e+00,1,0.692488263
5,chain,0_1,2.97966,0,1,1.732050808e+00,1,0.671217292
5,chain,0_1,3.07119,0,1,1.732050808e+00,1,0.651214128
5,chain,0_1,3.16271,0,1,1.732050808e+00,1,0.632368703
5,chain,0_1,3.25424,0,1,1.732050808e+00,1,0.614583333
5,chain,0_1,3.34576,0,1,1e+00,1,0.597771023
5,chain,0_1,3.43729,0,1,1.283146538e-16,1,0.581854043
5,chain,0_1,3.52881,0,1,1.732050808e+00,1,0.566762728
5,chain,0_1,3.62034,0,1,9.741500462e-17,1,0.552434457
5,chain,0_1,3.71186,0,1,1.732050808e+00,1,0.538812785
5,chain,0_1,3.80339,0,1,1.732050808e+00,1,0.525846702
5,chain,0_1,3.89492,0,1,1e+00,1,0.513489991
5,chain,0_1,3.98644,0,1,1.732050808e+00,1,0.50170068
5,chain,0_1,4.07797,0,1,1.732050808e+00,1,0.490440565
5,chain,0_1,4.16949,0,1,1.732050808e+00,1,0.479674797
5,chain,0_1,4.26102,0,1,1e+00,1,0.469371519
5,chain,0_1,4.35254,0,1,1.732050808e+00,1,0.459501558
5,chain,0_1,4.44407,0,1,1e+00,1,0.450038139
5,chain,0_1,4.53559,0,1,1.732050808e+00,1,0.440956652
5,chain,0_1,4.62712,0,1,1.732050808e+00,1,0.432234432
5,chain,0_1,4.71864,0,1,1.732050808e+00,1,0.423850575
5,chain,0_1,4.81017,0,1,1e+00,1,0.415785765
5,chain,0_1,4.90169,0,1,1.732050808e+00,1,0.40802213
5,chain,0_1,4.99322,0,1,1.732050808e+00,1,0.400543109
5,chain,0_1,5.08475,0,1,1.732050808e+00,1,0.393333333
5,chain,0_1,5.17627,0,1,1.732050808e+00,1,0.38637852
5,chain,0_1,5.2678,0,1,3.913486671e-17,1,0.37966538
5,chain,0_1,5.35932,0,1,7.568993747e-17,1,0.373181531
5,chain,0_1,5.45085,0,1,1e+00,1,0.366915423
5,chain,0_1,5.54237,0,1,1e+00,1,0.360856269
5,chain,0_1,5.6339,0,1,1.732050808e+00,1,0.354993983
5,chain,0_1,5.72542,0,1,1.732050808e+00,1,0.349319124
5,chain,0_1,5.81695,0,1,1.732050808e+00,1,0.343822844
5,chain,0_1,5.90847,0,1,1e+00,1,0.338496845
5,chain,0_1,6,0,1,1.732050808e+00,1,0.333333333
5,chain,2_2,0.6,2,2,8.927798966e-18,0.965180047,0.116343269
5,chain,2_2,0.69153,2,2,1.743692199e-17,0.953544077,0.134783902
5,chain,2_2,0.78305,2,2,9.877908918e-17,0.94012848,0.153541247
5,chain,2_2,0.87458,2,2,3.193583009e-16,0.924874157,0.172673295
5,chain,2_2,0.9661,2,2,2.22121761e-16,0.907709349,0.192245604
5,chain,2_2,1.05763,2,2,5.554183611e-17,0.888546993,0.212333358
5,chain,2_2,1.14915,2,2,4.373079641e-15,0.867281186,0.233024079
5,chain,2_2,1.24068,2,2,4.088963879e-17,0.843782378,0.25442127
5,chain,2_2,1.3322,2,2,3.195138766e-16,0.817890742,0.276649436
5,chain,2_2,1.42373,2,2,2.581268558e-15,0.789406806,0.299861166
5,chain,2_2,1.51525,2,2,1.02780044e-15,0.758077857,0.324247454
5,chain,2_2,1.60678,2,2,1.396035371e-15,0.723577589,0.350053247
5,chain,2_2,1.69831,2,2,1.865911447e-15,0.685474352,0.37760187
5,chain,2_2,1.78983,2,2,2.104144964e-16,0.643179193,0.407335372
5,chain,2_2,1.88136,2,2,3.05806229e-16,0.595855282,0.439885561
5,chain,2_2,1.97288,2,2,1.917071032e-15,0.542246616,0.476209874
5,chain,2_2,2.06441,2,2,1.068760413e-15,0.480315388,0.51788251
5,chain,2_2,2.15593,2,2,8.86292386e-16,0.406335447,0.567831974
5,chain,2_2,2.24746,2,2,1.547979493e-15,0.31189641,0.632814667
5,chain,2_2,2.33898,2,2,2.396007823e-16,0.164908963,0.739390915
5,chain,2_2,2.43051,2,2,1.803221512e-01,0.207339,0.853452941
5,chain,2_2,2.52203,2,2,2.833084284e-01,0.323410875,0.824823292
5,chain,2_2,2.61356,2,2,3.507135332e-01,0.397356342,0.798293731
5,chain,2_2,2.70508,2,2,4.017284939e-01,0.451608394,0.773652099
5,chain,2_2,2.79661,2,2,4.426907392e-01,0.493629608,0.750713985
5,chain,2_2,2.88814,2,2,4.766918619e-01,0.527084828,0.729318304
5,chain,2_2,2.97966,2,2,5.055314488e-01,0.554121805,0.709323702
5,chain,2_2,3.07119,2,2,5.303709782e-01,0.576137116,0.690605585
5,chain,2_2,3.16271,2,2,5.52012727e-01,0.594103992,0.673053676
5,chain,2_2,3.25424,2,2,5.710380503e-01,0.608735471,0.656569961
5,chain,2_2,3.34576,2,2,5.878834492e-01,0.620574538,0.641066983
5,chain,2_2,3.43729,2,2,6.028857423e-01,0.630047931,0.626466394
5,chain,2_2,3.52881,2,2,6.163105126e-01,0.637500237,0.612697727
5,chain,2_2,3.62034,2,2,6.283708759e-01,0.643216562,0.599697352
5,chain,2_2,3.71186,2,2,6.392403427e-01,0.647438208,0.587407572
5,chain,2_2,3.80339,2,2,6.490619126e-01,0.650373859,0.57577585
5,chain,2_2,3.89492,2,2,6.579546823e-01,0.652207772,0.564754136
5,chain,2_2,3.98644,2,2,6.660187574e-01,0.653105891,0.554298284
5,chain,2_2,4.07797,2,2,6.733389828e-01,0.653220438,0.544367536
5,chain,2_2,4.16949,2,2,6.799878278e-01,0.652693348,0.534924087
5,chain,2_2,4.26102,2,2,6.860276592e-01,0.651658783,0.525932695
5,chain,2_2,4.35254,2,2,6.915125604e-01,0.650244838,0.517360356
5,chain,2_2,4.44407,2,2,6.964898104e-01,0.648574544,0.50917603
5,chain,2_2,4.53559,2,2,7.010011026e-01,0.646766212,0.501350419
5,chain,2_2,4.62712,2,2,7.050835587e-01,0.644933155,0.493855795
5,chain,2_2,4.71864,2,2,7.087705781e-01,0.643182861,0.486665885
5,chain,2_2,4.81017,2,2,7.120925478e-01,0.641615696,0.479755802
5,chain,2_2,4.90169,2,2,7.150774305e-01,0.640323245,0.473102021
5,chain,2_2,4.99322,2,2,7.177512419e-01,0.639386492,0.466682404
5,chain,2_2,5.08475,2,2,7.201384234e-01,0.638874007,0.460476246
5,chain,2_2,5.17627,2,2,7.222621172e-01,0.638840381,0.454464347
5,chain,2_2,5.2678,2,2,7.241443513e-01,0.639325123,0.448629083
5,chain,2_2,5.35932,2,2,7.25806145e-01,0.640352159,0.442954469
5,chain,2_2,5.45085,2,2,7.272675475e-01,0.641930059,0.437426199
5,chain,2_2,5.54237,2,2,7.285476276e-01,0.644052972,0.432031649
5,chain,2_2,5.6339,2,2,7.296644311e-01,0.646702195,0.426759841
5,chain,2_2,5.72542,2,2,7.306349235e-01,0.649848231,0.42160137
5,chain,2_2,5.81695,2,2,7.314749342e-01,0.653453119,0.416548292
5,chain,2_2,5.90847,2,2,7.321991126e-01,0.657472863,0.411593988
5,chain,2_2,6,2,2,7.328209045e-01,0.661859753,0.406733006
5,ring,0_1,0.6,0,1,1.618033989e+00,0.993360422,3.333333333
5,ring,0_1,0.69153,0,1,2e+00,1,2.892156863
5,ring,0_1,0.78305,0,1,6.180339887e-01,0.992498073,2.554112554
5,ring,0_1,0.87458,0,1,1.618033989e+00,0.995683183,2.286821705
5,ring,0_1,0.9661,0,1,1.618033989e+00,0.977073977,2.070175439
5,ring,0_1,1.05763,0,1,2e+00,1,1.891025641
5,ring,0_1,1.14915,0,1,1.618033989e+00,0.996046566,1.740412979
5,ring,0_1,1.24068,0,1,6.180339887e-01,0.99779401,1.612021858
5,ring,0_1,1.3322,0,1,2e+00,1,1.501272265
5,ring,0_1,1.42373,0,1,1.618033989e+00,0.97968978,1.404761905
5,ring,0_1,1.51525,0,1,1.618033989e+00,0.992539952,1.319910515
5,ring,0_1,1.60678,0,1,6.180339887e-01,0.969147606,1.244725738
5,ring,0_1,1.69831,0,1,6.180339887e-01,0.99401211,1.177644711
5,ring,0_1,1.78983,0,1,1.618033989e+00,0.976793585,1.117424242
5,ring,0_1,1.88136,0,1,6.180339887e-01,0.999300612,1.063063063
5,ring,0_1,1.97288,0,1,1.618033989e+00,0.992582262,1.013745704
5,ring,0_1,2.06441,0,1,2e+00,1,0.968801314
5,ring,0_1,2.15593,0,1,6.180339887e-01,0.996695426,0.927672956
5,ring,0_1,2.24746,0,1,1.618033989e+00,0.995950175,0.889894419
5,ring,0_1,2.33898,0,1,6.180339887e-01,0.999508679,0.855072464
5,ring,0_1,2.43051,0,1,6.180339887e-01,0.998076377,0.822873082
5,ring,0_1,2.52203,0,1,1.618033989e+00,0.997333932,0.793010753
5,ring,0_1,2.61356,0,1,1.618033989e+00,0.994148699,0.765239948
5,ring,0_1,2.70508,0,1,1.618033989e+00,0.979224441,0.739348371
5,ring,0_1,2.79661,0,1,2e+00,1,0.715151515
5,ring,0_1,2.88814,0,1,2e+00,1,0.692488263
5,ring,0_1,2.97966,0,1,6.180339887e-01,0.942047081,0.671217292
5,ring,0_1,3.07119,0,1,1.618033989e+00,0.989601349,0.651214128
5,ring,0_1,3.16271,0,1,1.618033989e+00,0.997821548,0.632368703
5,ring,0_1,3.25424,0,1,2e+00,1,0.614583333
5,ring,0_1,3.34576,0,1,6.180339887e-01,0.998263541,0.597771023
5,ring,0_1,3.43729,0,1,1.618033989e+00,0.976086959,0.581854043
5,ring,0_1,3.52881,0,1,1.618033989e+00,0.991799409,0.566762728
5,ring,0_1,3.62034,0,1,1.618033989e+00,0.990344587,0.552434457
5,ring,0_1,3.71186,0,1,1.618033989e+00,0.963997578,0.538812785
5,ring,0_1,3.80339,0,1,6.180339887e-01,0.995649445,0.525846702
5,ring,0_1,3.89492,0,1,1.618033989e+00,0.996265046,0.513489991
5,ring,0_1,3.98644,0,1,1.618033989e+00,0.995844248,0.50170068
5,ring,0_1,4.07797,0,1,6.180339887e-01,0.978258551,0.490440565
5,ring,0_1,4.16949,0,1,1.618033989e+00,0.996109725,0.479674797
5,ring,0_1,4.26102,0,1,1.618033989e+00,0.976936065,0.469371519
5,ring,0_1,4.35254,0,1,6.180339887e-01,0.975806737,0.459501558
5,ring,0_1,4.44407,0,1,2e+00,1,0.450038139
5,ring,0_1,4.53559,0,1,6.180339887e-01,0.995187953,0.440956652
5,ring,0_1,4.62712,0,1,1.618033989e+00,0.99244007,0.432234432
5,ring,0_1,4.71864,0,1,2e+00,1,0.423850575
5,ring,0_1,4.81017,0,1,6.180339887e-01,0.994483286,0.415785765
5,ring,0_1,4.90169,0,1,6.180339887e-01,0.997829543,0.40802213
5,ring,0_1,4.99322,0,1,6.180339887e-01,0.966116279,0.400543109
5,ring,0_1,5.08475,0,1,1.618033989e+00,0.996736281,0.393333333
5,ring,0_1,5.17627,0,1,1.618033989e+00,0.975601081,0.38637852
5,ring,0_1,5.2678,0,1,2e+00,1,0.37966538
5,ring,0_1,5.35932,0,1,1.618033989e+00,0.99712937,0.373181531
5,ring,0_1,5.45085,0,1,1.618033989e+00,0.994407562,0.366915423
5,ring,0_1,5.54237,0,1,1.618033989e+00,0.99445523,0.360856269
5,ring,0_1,5.6339,0,1,6.180339887e-01,0.980486745,0.354993983
5,ring,0_1,5.72542,0,1,1.618033989e+00,0.990966402,0.349319124
5,ring,0_1,5.81695,0,1,1.618033989e+00,0.995785254,0.343822844
5,ring,0_1,5.90847,0,1,1.618033989e+00,0.99598542,0.338496845
5,ring,0_1,6,0,1,6.180339887e-01,0.993873746,0.333333333
5,ring,2_2,0.6,2,2,9.493374657e-16,0.849924616,0.428350583
5,ring,2_2,0.69153,2,2,2.342842227e-15,0.828146169,0.499387402
5,ring,2_2,0.78305,2,2,1.122217376e-15,0.744204973,0.57323038
5,ring,2_2,0.87458,2,2,5.737834847e-16,0.735675352,0.650561686
5,ring,2_2,0.9661,2,2,1.185032975e-16,0.444927739,0.732238409
5,ring,2_2,1.05763,2,2,6.66159812e-16,0.611490742,0.819356006
5,ring,2_2,1.14915,2,2,2.44171996e-15,0.495286743,0.913317321
5,ring,2_2,1.24068,2,2,3.330669131e-15,0.46714776,1.015840181
5,ring,2_2,1.3322,2,2,2.543606059e-16,0.240802534,1.128587143
5,ring,2_2,1.42373,2,2,4.35702906e-15,0.321758457,1.251111516
5,ring,2_2,1.51525,2,2,2.155025687e-15,0.244977381,1.373499972
5,ring,2_2,1.60678,2,2,2.769259324e-15,0.255784066,1.467399634
5,ring,2_2,1.69831,2,2,1.370431546e-16,0.299387534,1.509777365
5,ring,2_2,1.78983,2,2,4.224919026e-15,0.368752443,1.510017123
5,ring,2_2,1.88136,2,2,4.870236171e-16,0.41282228,1.486583567
5,ring,2_2,1.97288,2,2,7.026439838e-16,0.474717961,1.451496392
5,ring,2_2,2.06441,2,2,6.339872204e-16,0.521331769,1.41116501
5,ring,2_2,2.15593,2,2,2.66543476e-15,0.568800411,1.368947004
5,ring,2_2,2.24746,2,2,1.27066731e+00,0.584524755,1.320242132
5,ring,2_2,2.33898,2,2,1.288652184e+00,0.606584662,1.274164619
5,ring,2_2,2.43051,2,2,1.303065226e+00,0.628964591,1.231699887
5,ring,2_2,2.52203,2,2,1.314675199e+00,0.648066962,1.192231837
5,ring,2_2,2.61356,2,2,1.324085092e+00,0.652589188,1.15531677
5,ring,2_2,2.70508,2,2,1.331765188e+00,0.67957237,1.120627622
5,ring,2_2,2.79661,2,2,1.338080731e+00,0.690126947,1.087916345
5,ring,2_2,2.88814,2,2,1.343314789e+00,0.70598607,1.056988651
5,ring,2_2,2.97966,2,2,1.347686762e+00,0.644267631,1.027687224
5,ring,2_2,3.07119,2,2,1.351367051e+00,0.735732866,0.999880674
5,ring,2_2,3.16271,2,2,1.354488486e+00,0.750506107,0.97345629
5,ring,2_2,3.25424,2,2,1.357155123e+00,0.762037523,0.948315286
5,ring,2_2,3.34576,2,2,1.35944894e+00,0.773497749,0.924369653
5,ring,2_2,3.43729,2,2,1.361434937e+00,0.776764316,0.901540029
5,ring,2_2,3.52881,2,2,1.36316499e+00,0.795350154,0.879754227
5,ring,2_2,3.62034,2,2,1.364680788e+00,0.803040146,0.858946184
5,ring,2_2,3.71186,2,2,1.366016054e+00,0.800039553,0.839055173
5,ring,2_2,3.80339,2,2,1.367198259e+00,0.821082194,0.820025199
5,ring,2_2,3.89492,2,2,1.36824992e+00,0.829474213,0.801804512
5,ring,2_2,3.98644,2,2,1.369189614e+00,0.836137658,0.784345197
5,ring,2_2,4.07797,2,2,1.370032764e+00,0.842212288,0.767602833
5,ring,2_2,4.16949,2,2,1.370792244e+00,0.845199249,0.751536189
5,ring,2_2,4.26102,2,2,1.371478867e+00,0.855829123,0.736106953
5,ring,2_2,4.35254,2,2,1.372101759e+00,0.858209506,0.721279499
5,ring,2_2,4.44407,2,2,1.372668666e+00,0.867022771,0.707020665
5,ring,2_2,4.53559,2,2,1.37318619e+00,0.872355002,0.693299557
5,ring,2_2,4.62712,2,2,1.373659989e+00,0.86479356,0.680087375
5,ring,2_2,4.71864,2,2,1.374094932e+00,0.881592822,0.667357244
5,ring,2_2,4.81017,2,2,1.374495225e+00,0.859786723,0.655084067
5,ring,2_2,4.90169,2,2,1.374864519e+00,0.880172535,0.643244392
5,ring,2_2,4.99322,2,2,1.375205994e+00,0.893453526,0.63181628
5,ring,2_2,5.08475,2,2,1.375522428e+00,0.897661889,0.620779198
5,ring,2_2,5.17627,2,2,1.375816261e+00,0.901271007,0.610113909
5,ring,2_2,5.2678,2,2,1.376089638e+00,0.904086937,0.599802375
5,ring,2_2,5.35932,2,2,1.376344455e+00,0.888619133,0.589827675
5,ring,2_2,5.45085,2,2,1.376582392e+00,0.909146536,0.580173916
5,ring,2_2,5.54237,2,2,1.376804938e+00,0.913111698,0.570826165
5,ring,2_2,5.6339,2,2,1.377013423e+00,0.916349883,0.561770376
5,ring,2_2,5.72542,2,2,1.377209033e+00,0.913072691,0.552993331
5,ring,2_2,5.81695,2,2,1.377392831e+00,0.921348255,0.544482576
5,ring,2_2,5.90847,2,2,1.377565771e+00,0.903621832,0.536226375
5,ring,2_2,6,2,2,1.377728712e+00,0.924620737,0.528213657
5,star,0_1,0.6,0,1,2e+00,1,3.333333333
5,star,0_1,0.69153,0,1,1.075528555e-16,0.996130593,2.892156863
5,star,0_1,0.78305,0,1,2e+00,1,2.554112554
5,star,0_1,0.87458,0,1,2e+00,1,2.286821705
5,star,0_1,0.9661,0,1,3.469446952e-17,0.993960294,2.070175439
5,star,0_1,1.05763,0,1,2e+00,1,1.891025641
5,star,0_1,1.14915,0,1,6.938893904e-16,1,1.740412979
5,star,0_1,1.24068,0,1,2e+00,1,1.612021858
5,star,0_1,1.3322,0,1,0e+00,0.857454298,1.501272265
5,star,0_1,1.42373,0,1,2e+00,1,1.404761905
5,star,0_1,1.51525,0,1,2e+00,1,1.319910515
5,star,0_1,1.60678,0,1,2e+00,1,1.244725738
5,star,0_1,1.69831,0,1,1.006139616e-16,1,1.177644711
5,star,0_1,1.78983,0,1,1.110223025e-16,1,1.117424242
5,star,0_1,1.88136,0,1,0e+00,0.894427191,1.063063063
5,star,0_1,1.97288,0,1,0e+00,0.967495026,1.013745704
5,star,0_1,2.06441,0,1,2.272487754e-16,0.885716628,0.968801314
5,star,0_1,2.15593,0,1,0e+00,0.9701425,0.927672956
5,star,0_1,2.24746,0,1,2e+00,1,0.889894419
5,star,0_1,2.33898,0,1,1.873501354e-16,1,0.855072464
5,star,0_1,2.43051,0,1,2e+00,1,0.822873082
5,star,0_1,2.52203,0,1,3.191891196e-16,0.987844294,0.793010753
5,star,0_1,2.61356,0,1,0e+00,0.819979723,0.765239948
5,star,0_1,2.70508,0,1,2e+00,1,0.739348371
5,star,0_1,2.79661,0,1,0e+00,0.799993746,0.715151515
5,star,0_1,2.88814,0,1,0e+00,0.880795873,0.692488263
5,star,0_1,2.97966,0,1,4.978656376e-16,0.996951737,0.671217292
5,star,0_1,3.07119,0,1,2e+00,1,0.651214128
5,star,0_1,3.16271,0,1,0e+00,0.974021987,0.632368703
5,star,0_1,3.25424,0,1,6.071532166e-17,1,0.614583333
5,star,0_1,3.34576,0,1,0e+00,0.99343172,0.597771023
5,star,0_1,3.43729,0,1,2e+00,1,0.581854043
5,star,0_1,3.52881,0,1,0e+00,1,0.566762728
5,star,0_1,3.62034,0,1,2e+00,1,0.552434457
5,star,0_1,3.71186,0,1,2.931682674e-16,0.98872172,0.538812785
5,star,0_1,3.80339,0,1,2e+00,1,0.525846702
5,star,0_1,3.89492,0,1,2e+00,1,0.513489991
5,star,0_1,3.98644,0,1,1.214306433e-16,0.96658074,0.50170068
5,star,0_1,4.07797,0,1,0e+00,0.890927112,0.490440565
5,star,0_1,4.16949,0,1,2e+00,1,0.479674797
5,star,0_1,4.26102,0,1,0e+00,1,0.469371519
5,star,0_1,4.35254,0,1,1.899522206e-16,0.998561902,0.459501558
5,star,0_1,4.44407,0,1,1.890848589e-16,0.991944722,0.450038139
5,star,0_1,4.53559,0,1,4.597017211e-17,0.949322985,0.440956652
5,star,0_1,4.62712,0,1,0e+00,0.948392177,0.432234432
5,star,0_1,4.71864,0,1,2e+00,1,0.423850575
5,star,0_1,4.81017,0,1,0e+00,0.962610519,0.415785765
5,star,0_1,4.90169,0,1,2e+00,1,0.40802213
5,star,0_1,4.99322,0,1,2e+00,1,0.400543109
5,star,0_1,5.08475,0,1,2e+00,1,0.393333333
5,star,0_1,5.17627,0,1,2e+00,1,0.38637852
5,star,0_1,5.2678,0,1,2e+00,1,0.37966538
5,star,0_1,5.35932,0,1,2.138046684e-16,1,0.373181531
5,star,0_1,5.45085,0,1,3.469446952e-17,0.938812377,0.366915423
5,star,0_1,5.54237,0,1,2e+00,1,0.360856269
5,star,0_1,5.6339,0,1,0e+00,0.893863433,0.354993983
5,star,0_1,5.72542,0,1,0e+00,0.892848468,0.349319124
5,star,0_1,5.81695,0,1,2e+00,1,0.343822844
5,star,0_1,5.90847,0,1,6.461844948e-17,0.996418079,0.338496845
5,star,0_1,6,0,1,0e+00,0.894378124,0.333333333
5,star,2_2,0.6,2,2,9.714451436e-17,0.903356507,0.300210602
5,star,2_2,0.69153,2,2,1.298657362e-15,0.806873675,0.346195441
5,star,2_2,0.78305,2,2,5.779294351e-16,0.775823183,0.39233921
5,star,2_2,0.87458,2,2,1.389459449e-17,0.804506712,0.438715437
5,star,2_2,0.9661,2,2,3.20588668e-15,0.78590595,0.485415468
5,star,2_2,1.05763,2,2,1.188184748e-15,0.717066791,0.532546171
5,star,2_2,1.14915,2,2,1.856943514e-15,0.637296927,0.580222122
5,star,2_2,1.24068,2,2,2.219654709e-15,0.636370118,0.628547303
5,star,2_2,1.3322,2,2,2.478932976e-15,0.594492108,0.677577157
5,star,2_2,1.42373,2,2,2.404594282e-15,0.586050271,0.727244706
5,star,2_2,1.51525,2,2,1.478603691e-15,0.524914963,0.777224829
5,star,2_2,1.60678,2,2,6.071532166e-17,0.395384958,0.826708177
5,star,2_2,1.69831,2,2,4.657732533e-16,0.436755274,0.874099576
5,star,2_2,1.78983,2,2,2.394415576e-15,0.058565902,0.916828189
5,star,2_2,1.88136,2,2,1.221245327e-15,0.281964122,0.951732954
5,star,2_2,1.97288,2,2,1.512967163e-16,0.435420282,0.976305706
5,star,2_2,2.06441,2,2,8.560860354e-16,0.408428832,0.989944726
5,star,2_2,2.15593,2,2,5.686927412e-16,0.688890462,0.97265426
5,star,2_2,2.24746,2,2,2.556665653e-16,0.662309465,0.943618896
5,star,2_2,2.33898,2,2,2.331470918e-15,0.795786398,0.915540098
5,star,2_2,2.43051,2,2,1.329916266e-15,0.769422981,0.88852188
5,star,2_2,2.52203,2,2,5.577076683e-18,0.822820742,0.862612161
5,star,2_2,2.61356,2,2,2.442672555e-15,0.833585637,0.837821592
5,star,2_2,2.70508,2,2,6.515425973e-16,0.803249071,0.814136404
5,star,2_2,2.79661,2,2,1.911431751e-15,0.848168646,0.791527198
5,star,2_2,2.88814,2,2,1.813268369e-15,0.855520968,0.769954945
5,star,2_2,2.97966,2,2,5.746271514e-16,0.853750137,0.749375095
5,star,2_2,3.07119,2,2,1.221245327e-15,0.832148314,0.729740359
5,star,2_2,3.16271,2,2,1.255072435e-15,0.859365086,0.711002594
5,star,2_2,3.25424,2,2,1.110223025e-15,0.838113368,0.693114056
5,star,2_2,3.34576,2,2,1.719369356e-16,0.893458738,0.676028218
5,star,2_2,3.43729,2,2,8.765290956e-16,0.869416936,0.659700284
5,star,2_2,3.52881,2,2,9.517818712e-16,0.894266567,0.644087493
5,star,2_2,3.62034,2,2,9.246155404e-16,0.903304841,0.629149279
5,star,2_2,3.71186,2,2,2.206568261e-15,0.905474206,0.614847329
5,star,2_2,3.80339,2,2,2.168776856e-15,0.90793505,0.601145579
5,star,2_2,3.89492,2,2,1.776356396e-15,0.919260359,0.588010156
5,star,2_2,3.98644,2,2,1.533767933e-15,0.924318414,0.575409303
5,star,2_2,4.07797,2,2,4.675951428e-16,0.908446566,0.563313277
5,star,2_2,4.16949,2,2,1.554312234e-15,0.905646783,0.551694246
5,star,2_2,4.26102,2,2,1.892848424e-15,0.934202121,0.540526172
5,star,2_2,4.35254,2,2,1.726032145e-16,0.935926814,0.529784705
5,star,2_2,4.44407,2,2,1.615369016e-15,0.935917397,0.51944707
5,star,2_2,4.53559,2,2,2.924713711e-16,0.940694666,0.509491962
5,star,2_2,4.62712,2,2,1.110223025e-16,0.929056306,0.499899446
5,star,2_2,4.71864,2,2,1.570488384e-16,0.934368339,0.490650863
5,star,2_2,4.81017,2,2,1.499341134e-15,0.947011258,0.481728736
5,star,2_2,4.90169,2,2,3.812732465e-16,0.927466304,0.473116693
5,star,2_2,4.99322,2,2,4.199250572e-16,0.940295943,0.464799382
5,star,2_2,5.08475,2,2,1.874531346e-15,0.93458684,0.456762403
5,star,2_2,5.17627,2,2,4.848179404e-16,0.954246466,0.448992239
5,star,2_2,5.2678,2,2,1.254595267e-15,0.923188369,0.441476195
5,star,2_2,5.35932,2,2,1.249000907e-15,0.933598848,0.434202337
5,star,2_2,5.45085,2,2,4.996006764e-16,0.957202295,0.427159443
5,star,2_2,5.54237,2,2,4.277033906e-16,0.947498916,0.420336948
5,star,2_2,5.6339,2,2,2.775557252e-16,0.960818553,0.413724906
5,star,2_2,5.72542,2,2,2.200957515e-15,0.960756352,0.407313939
5,star,2_2,5.81695,2,2,8.034209149e-16,0.959070456,0.401095205
5,star,2_2,5.90847,2,2,3.813681142e-16,0.870503873,0.395060359
5,star,2_2,6,2,2,5.812479547e-16,0.93427609,0.389201521
6,chain,0_1,0.6,0,1,1.246979604e+00,1,3.333333333
6,chain,0_1,0.69153,0,1,4.450418679e-01,1,2.892156863
6,chain,0_1,0.78305,0,1,4.450418679e-01,1,2.554112554
6,chain,0_1,0.87458,0,1,1.801937736e+00,1,2.286821705
6,chain,0_1,0.9661,0,1,4.450418679e-01,1,2.070175439
6,chain,0_1,1.05763,0,1,1.246979604e+00,1,1.891025641
6,chain,0_1,1.14915,0,1,1.801937736e+00,1,1.740412979
6,chain,0_1,1.24068,0,1,4.450418679e-01,1,1.612021858
6,chain,0_1,1.3322,0,1,1.801937736e+00,1,1.501272265
6,chain,0_1,1.42373,0,1,4.450418679e-01,1,1.404761905
6,chain,0_1,1.51525,0,1,4.450418679e-01,1,1.319910515
6,chain,0_1,1.60678,0,1,1.246979604e+00,1,1.244725738
6,chain,0_1,1.69831,0,1,4.450418679e-01,1,1.177644711
6,chain,0_1,1.78983,0,1,1.801937736e+00,1,1.117424242
6,chain,0_1,1.88136,0,1,4.450418679e-01,1,1.063063063
6,chain,0_1,1.97288,0,1,1.246979604e+00,1,1.013745704
6,chain,0_1,2.06441,0,1,4.450418679e-01,1,0.968801314
6,chain,0_1,2.15593,0,1,4.450418679e-01,1,0.927672956
6,chain,0_1,2.24746,0,1,4.450418679e-01,1,0.889894419
6,chain,0_1,2.33898,0,1,4.450418679e-01,1,0.855072464
6,chain,0_1,2.43051,0,1,4.450418679e-01,1,0.822873082
6,chain,0_1,2.52203,0,1,1.246979604e+00,1,0.793010753
6,chain,0_1,2.61356,0,1,4.450418679e-01,1,0.765239948
6,chain,0_1,2.70508,0,1,1.246979604e+00,1,0.739348371
6,chain,0_1,2.79661,0,1,4.450418679e-01,1,0.715151515
6,chain,0_1,2.88814,0,1,1.246979604e+00,1,0.692488263
6,chain,0_1,2.97966,0,1,4.450418679e-01,1,0.671217292
6,chain,0_1,3.07119,0,1,4.450418679e-01,1,0.651214128
6,chain,0_1,3.16271,0,1,1.246979604e+00,1,0.632368703
6,chain,0_1,3.25424,0,1,1.246979604e+00,1,0.614583333
6,chain,0_1,3.34576,0,1,4.450418679e-01,1,0.597771023
6,chain,0_1,3.43729,0,1,1.801937736e+00,1,0.581854043
6,chain,0_1,3.52881,0,1,1.801937736e+00,1,0.566762728
6,chain,0_1,3.62034,0,1,1.801937736e+00,1,0.552434457
6,chain,0_1,3.71186,0,1,4.450418679e-01,1,0.538812785
6,chain,0_1,3.80339,0,1,1.246979604e+00,1,0.525846702
6,chain,0_1,3.89492,0,1,1.246979604e+00,1,0.513489991
6,chain,0_1,3.98644,0,1,1.801937736e+00,1,0.50170068
6,chain,0_1,4.07797,0,1,4.450418679e-01,1,0.490440565
6,chain,0_1,4.16949,0,1,1.246979604e+00,1,0.479674797
6,chain,0_1,4.26102,0,1,1.246979604e+00,1,0.469371519
6,chain,0_1,4.35254,0,1,1.801937736e+00,1,0.459501558
6,chain,0_1,4.44407,0,1,4.450418679e-01,1,0.450038139
6,chain,0_1,4.53559,0,1,4.450418679e-01,1,0.440956652
6,chain,0_1,4.62712,0,1,4.450418679e-01,1,0.432234432
6,chain,0_1,4.71864,0,1,1.246979604e+00,1,0.423850575
6,chain,0_1,4.81017,0,1,1.246979604e+00,1,0.415785765
6,chain,0_1,4.90169,0,1,4.450418679e-01,1,0.40802213
6,chain,0_1,4.99322,0,1,1.246979604e+00,1,0.400543109
6,chain,0_1,5.08475,0,1,4.450418679e-01,1,0.393333333
6,chain,0_1,5.17627,0,1,1.801937736e+00,1,0.38637852
6,chain,0_1,5.2678,0,1,1.801937736e+00,1,0.37966538
6,chain,0_1,5.35932,0,1,1.246979604e+00,1,0.373181531
6,chain,0_1,5.45085,0,1,4.450418679e-01,1,0.366915423
6,chain,0_1,5.54237,0,1,1.246979604e+00,1,0.360856269
6,chain,0_1,5.6339,0,1,4.450418679e-01,1,0.354993983
6,chain,0_1,5.72542,0,1,4.450418679e-01,1,0.349319124
6,chain,0_1,5.81695,0,1,1.801937736e+00,1,0.343822844
6,chain,0_1,5.90847,0,1,1.246979604e+00,1,0.338496845
6,chain,0_1,6,0,1,4.450418679e-01,1,0.333333333
6,chain,3_3,0.6,3,3,3.661638432e-18,0.975699351,0.081187893
6,chain,3_3,0.69153,3,3,2.280377739e-16,0.967636725,0.093885325
6,chain,3_3,0.78305,3,3,1.02076033e-16,0.958378809,0.106722162
6,chain,3_3,0.87458,3,3,1.320834804e-16,0.947902821,0.119721379
6,chain,3_3,0.9661,3,3,1.04139943e-16,0.936181829,0.132907918
6,chain,3_3,1.05763,3,3,1.52650789e-16,0.923184165,0.146309114
6,chain,3_3,1.14915,3,3,1.210534777e-16,0.908872683,0.15995521
6,chain,3_3,1.24068,3,3,8.013814659e-17,0.893203832,0.173879989
6,chain,3_3,1.3322,3,3,8.134364442e-16,0.87612647,0.188121572
6,chain,3_3,1.42373,3,3,1.609830749e-15,0.857580344,0.202723418
6,chain,3_3,1.51525,3,3,7.633423704e-16,0.837494121,0.217735624
6,chain,3_3,1.60678,3,3,4.446845537e-15,0.815782795,0.233216619
6,chain,3_3,1.69831,3,3,6.732625579e-16,0.792344229,0.249235427
6,chain,3_3,1.78983,3,3,6.272384976e-15,0.767054449,0.265874741
6,chain,3_3,1.88136,3,3,5.6495794e-15,0.739761103,0.283235208
6,chain,3_3,1.97288,3,3,1.459697268e-15,0.710274148,0.301441551
6,chain,3_3,2.06441,3,3,5.675466869e-15,0.67835218,0.320651588
6,chain,3_3,2.15593,3,3,2.145807634e-15,0.643681655,0.341070017
6,chain,3_3,2.24746,3,3,4.469917286e-15,0.605843907,0.362970428
6,chain,3_3,2.33898,3,3,7.516017451e-15,0.564259913,0.386732423
6,chain,3_3,2.43051,3,3,1.349432071e-15,0.518091194,0.412908735
6,chain,3_3,2.52203,3,3,2.288480602e-15,0.466044992,0.442358285
6,chain,3_3,2.61356,3,3,2.440412428e-15,0.405938701,0.47654647
6,chain,3_3,2.70508,3,3,2.496184455e-15,0.333513792,0.518371348
6,chain,3_3,2.79661,3,3,6.660688487e-15,0.23781687,0.575419542
6,chain,3_3,2.88814,3,3,5.798295651e-15,0.026301636,0.713848386
6,chain,3_3,2.97966,3,3,1.682974018e-01,0.228873077,0.71319864
6,chain,3_3,3.07119,3,3,2.33324029e-01,0.313887165,0.694678247
6,chain,3_3,3.16271,3,3,2.797695824e-01,0.372132262,0.67733628
6,chain,3_3,3.25424,3,3,3.163320693e-01,0.415816349,0.661076166
6,chain,3_3,3.34576,3,3,3.464680719e-01,0.449836386,0.645812058
6,chain,3_3,3.43729,3,3,3.719944149e-01,0.476787749,0.631467412
6,chain,3_3,3.52881,3,3,3.940140945e-01,0.4982588,0.617973772
6,chain,3_3,3.62034,3,3,4.132590452e-01,0.5153126,0.605269744
6,chain,3_3,3.71186,3,3,4.302451397e-01,0.528706014,0.59330011
6,chain,3_3,3.80339,3,3,4.453520317e-01,0.539003415,0.582015063
6,chain,3_3,3.89492,3,3,4.588682701e-01,0.546641614,0.571369536
6,chain,3_3,3.98644,3,3,4.710186174e-01,0.551969813,0.561322613
6,chain,3_3,4.07797,3,3,4.819815046e-01,0.555275819,0.551836989
6,chain,3_3,4.16949,3,3,4.919006731e-01,0.556804241,0.542878487
6,chain,3_3,4.26102,3,3,5.008932154e-01,0.556769881,0.53441559
6,chain,3_3,4.35254,3,3,5.090552954e-01,0.555368159,0.526418998
6,chain,3_3,4.44407,3,3,5.16466326e-01,0.552783701,0.518861173
6,chain,3_3,4.53559,3,3,5.231921e-01,0.54919777,0.511715883
6,chain,3_3,4.62712,3,3,5.292872068e-01,0.544794925,0.504957716
6,chain,3_3,4.71864,3,3,5.347969686e-01,0.539768991,0.498561561
6,chain,3_3,4.81017,3,3,5.397590755e-01,0.534328167,0.492502066
6,chain,3_3,4.90169,3,3,5.442050594e-01,0.528698769,0.486753086
6,chain,3_3,4.99322,3,3,5.481617217e-01,0.523126723,0.481287164
6,chain,3_3,5.08475,3,3,5.516525981e-01,0.517875632,0.476075121
6,chain,3_3,5.17627,3,3,5.546995013e-01,0.513220119,0.47108586
6,chain,3_3,5.2678,3,3,5.573241108e-01,0.509433512,0.46628651
6,chain,3_3,5.35932,3,3,5.595494942e-01,0.506770014,0.461643033
6,chain,3_3,5.45085,3,3,5.614013564e-01,0.505443281,0.457121326
6,chain,3_3,5.54237,3,3,5.629087739e-01,0.505605313,0.452688743
6,chain,3_3,5.6339,3,3,5.641042204e-01,0.507330769,0.448315796
6,chain,3_3,5.72542,3,3,5.650228414e-01,0.510611128,0.443977694
6,chain,3_3,5.81695,3,3,5.657011315e-01,0.515360527,0.439655393
6,chain,3_3,5.90847,3,3,5.661753295e-01,0.52143157,0.435335952
6,chain,3_3,6,3,3,5.664798816e-01,0.528636752,0.4310122
6,ring,0_1,0.6,0,1,1e+00,0.99339693,3.333333333
6,ring,0_1,0.69153,0,1,1e+00,0.990558343,2.892156863
6,ring,0_1,0.78305,0,1,2e+00,1,2.554112554
6,ring,0_1,0.87458,0,1,1e+00,0.954190795,2.286821705
6,ring,0_1,0.9661,0,1,1e+00,0.98194236,2.070175439
6,ring,0_1,1.05763,0,1,1e+00,0.998038284,1.891025641
6,ring,0_1,1.14915,0,1,1e+00,0.971157566,1.740412979
6,ring,0_1,1.24068,0,1,1e+00,0.966871772,1.612021858
6,ring,0_1,1.3322,0,1,2e+00,1,1.501272265
6,ring,0_1,1.42373,0,1,1e+00,0.995469878,1.404761905
6,ring,0_1,1.51525,0,1,1e+00,0.979803584,1.319910515
6,ring,0_1,1.60678,0,1,1e+00,0.969342998,1.244725738
6,ring,0_1,1.69831,0,1,1e+00,0.96211882,1.177644711
6,ring,0_1,1.78983,0,1,1e+00,0.961218637,1.117424242
6,ring,0_1,1.88136,0,1,1e+00,0.987617072,1.063063063
6,ring,0_1,1.97288,0,1,1e+00,0.998224801,1.013745704
6,ring,0_1,2.06441,0,1,1e+00,0.989808164,0.968801314
6,ring,0_1,2.15593,0,1,2e+00,1,0.927672956
6,ring,0_1,2.24746,0,1,2e+00,1,0.889894419
6,ring,0_1,2.33898,0,1,1e+00,0.991716427,0.855072464
6,ring,0_1,2.43051,0,1,1e+00,0.982741141,0.822873082
6,ring,0_1,2.52203,0,1,1e+00,0.993042906,0.793010753
6,ring,0_1,2.61356,0,1,1e+00,0.943445013,0.765239948
6,ring,0_1,2.70508,0,1,1e+00,0.999029841,0.739348371
6,ring,0_1,2.79661,0,1,1e+00,0.995931818,0.715151515
6,ring,0_1,2.88814,0,1,2e+00,1,0.692488263
6,ring,0_1,2.97966,0,1,1e+00,0.9849606,0.671217292
6,ring,0_1,3.07119,0,1,2e+00,1,0.651214128
6,ring,0_1,3.16271,0,1,1e+00,0.998932922,0.632368703
6,ring,0_1,3.25424,0,1,1e+00,0.998089684,0.614583333
6,ring,0_1,3.34576,0,1,1e+00,0.984318175,0.597771023
6,ring,0_1,3.43729,0,1,1e+00,0.995470338,0.581854043
6,ring,0_1,3.52881,0,1,2e+00,1,0.566762728
6,ring,0_1,3.62034,0,1,1e+00,0.99971039,0.552434457
6,ring,0_1,3.71186,0,1,1e+00,0.995864399,0.538812785
6,ring,0_1,3.80339,0,1,1e+00,0.998931203,0.525846702
6,ring,0_1,3.89492,0,1,2e+00,1,0.513489991
6,ring,0_1,3.98644,0,1,2e+00,1,0.50170068
6,ring,0_1,4.07797,0,1,2e+00,1,0.490440565
6,ring,0_1,4.16949,0,1,2e+00,1,0.479674797
6,ring,0_1,4.26102,0,1,2e+00,1,0.469371519
6,ring,0_1,4.35254,0,1,1e+00,0.996207299,0.459501558
6,ring,0_1,4.44407,0,1,1e+00,0.988460986,0.450038139
6,ring,0_1,4.53559,0,1,2e+00,1,0.440956652
6,ring,0_1,4.62712,0,1,2e+00,1,0.432234432
6,ring,0_1,4.71864,0,1,1e+00,0.997120527,0.423850575
6,ring,0_1,4.81017,0,1,2e+00,1,0.415785765
6,ring,0_1,4.90169,0,1,2e+00,1,0.40802213
6,ring,0_1,4.99322,0,1,2e+00,1,0.400543109
6,ring,0_1,5.08475,0,1,1e+00,0.996399095,0.393333333
6,ring,0_1,5.17627,0,1,2e+00,1,0.38637852
6,ring,0_1,5.2678,0,1,2e+00,1,0.37966538
6,ring,0_1,5.35932,0,1,1e+00,0.991618177,0.373181531
6,ring,0_1,5.45085,0,1,2e+00,1,0.366915423
6,ring,0_1,5.54237,0,1,2e+00,1,0.360856269
6,ring,0_1,5.6339,0,1,1e+00,0.990127716,0.354993983
6,ring,0_1,5.72542,0,1,2e+00,1,0.349319124
6,ring,0_1,5.81695,0,1,1e+00,0.957436325,0.343822844
6,ring,0_1,5.90847,0,1,1e+00,0.999154647,0.338496845
6,ring,0_1,6,0,1,2e+00,1,0.333333333
6,ring,3_3,0.6,3,3,2.415321258e-15,0.909772218,0.307255115
6,ring,3_3,0.69153,3,3,9.575671685e-16,0.878907694,0.357162374
6,ring,3_3,0.78305,3,3,2.860125331e-15,0.841109036,0.408602071
6,ring,3_3,0.87458,3,3,2.858137367e-15,0.80467707,0.461985523
6,ring,3_3,0.9661,3,3,5.330292469e-15,0.761841408,0.517861953
6,ring,3_3,1.05763,3,3,1.934398788e-15,0.713789554,0.576998607
6,ring,3_3,1.14915,3,3,1.667397266e-15,0.658321504,0.640526673
6,ring,3_3,1.24068,3,3,1.553991766e-15,0.594621684,0.710232478
6,ring,3_3,1.3322,3,3,7.518930777e-15,0.513389785,0.789218194
6,ring,3_3,1.42373,3,3,5.181039665e-15,0.424893968,0.88372759
6,ring,3_3,1.51525,3,3,1.590978503e-15,0.309728434,1.010356833
6,ring,3_3,1.60678,3,3,5.940476529e-15,0.392478454,1.166665057
6,ring,3_3,1.69831,3,3,4.197393843e-15,0.350298147,1.218563463
6,ring,3_3,1.78983,3,3,5.164543135e-01,0.399643333,1.25099176
6,ring,3_3,1.88136,3,3,6.077296317e-01,0.472704561,1.200932584
6,ring,3_3,1.97288,3,3,6.748112036e-01,0.52195478,1.155440188
6,ring,3_3,2.06441,3,3,7.264636458e-01,0.562670887,1.113826677
6,ring,3_3,2.15593,3,3,7.673464267e-01,0.592325865,1.075527745
6,ring,3_3,2.24746,3,3,8.003071076e-01,0.62139632,1.0400799
6,ring,3_3,2.33898,3,3,8.272402162e-01,0.635931741,1.007102351
6,ring,3_3,2.43051,3,3,8.494796277e-01,0.66216664,0.976282205
6,ring,3_3,2.52203,3,3,8.68002435e-01,0.680790008,0.947362133
6,ring,3_3,2.61356,3,3,8.835450858e-01,0.696376913,0.920130016
6,ring,3_3,2.70508,3,3,8.966743809e-01,0.711481831,0.894410257
6,ring,3_3,2.79661,3,3,9.078334161e-01,0.717228045,0.870056576
6,ring,3_3,2.88814,3,3,9.173727301e-01,0.732259671,0.846946088
6,ring,3_3,2.97966,3,3,9.255722434e-01,0.749266682,0.824974529
6,ring,3_3,3.07119,3,3,9.326571935e-01,0.756263302,0.804052456
6,ring,3_3,3.16271,3,3,9.388099916e-01,0.757350806,0.784102249
6,ring,3_3,3.25424,3,3,9.441792109e-01,0.778790931,0.765055784
6,ring,3_3,3.34576,3,3,9.488864961e-01,0.789361317,0.746852636
6,ring,3_3,3.43729,3,3,9.530319339e-01,0.798166951,0.729438684
6,ring,3_3,3.52881,3,3,9.566982607e-01,0.801083258,0.712765048
6,ring,3_3,3.62034,3,3,9.599541829e-01,0.814021777,0.69678726
6,ring,3_3,3.71186,3,3,9.628570104e-01,0.817085664,0.681464618
6,ring,3_3,3.80339,3,3,9.654547555e-01,0.825726197,0.666759683
6,ring,3_3,3.89492,3,3,9.677878138e-01,0.82945799,0.652637877
6,ring,3_3,3.98644,3,3,9.698903154e-01,0.841965255,0.639067154
6,ring,3_3,4.07797,3,3,9.717912148e-01,0.84632709,0.626017739
6,ring,3_3,4.16949,3,3,9.735151744e-01,0.83041459,0.613461902
6,ring,3_3,4.26102,3,3,9.750832834e-01,0.857717789,0.601373771
6,ring,3_3,4.35254,3,3,9.765136439e-01,0.863822915,0.589729169
6,ring,3_3,4.44407,3,3,9.778218518e-01,0.867495892,0.57850548
6,ring,3_3,4.53559,3,3,9.79021392e-01,0.866708336,0.567681515
6,ring,3_3,4.62712,3,3,9.801239648e-01,0.876267065,0.557237411
6,ring,3_3,4.71864,3,3,9.811397565e-01,0.88236505,0.547154525
6,ring,3_3,4.81017,3,3,9.820776641e-01,0.884183777,0.537415351
6,ring,3_3,4.90169,3,3,9.829454834e-01,0.882034202,0.528003434
6,ring,3_3,4.99322,3,3,9.837500656e-01,0.890748726,0.518903296
6,ring,3_3,5.08475,3,3,9.844974502e-01,0.892814662,0.510100371
6,ring,3_3,5.17627,3,3,9.851929755e-01,0.899800716,0.50158094
6,ring,3_3,5.2678,3,3,9.858413737e-01,0.903649272,0.493332075
6,ring,3_3,5.35932,3,3,9.864468506e-01,0.906070307,0.485341584
6,ring,3_3,5.45085,3,3,9.870131536e-01,0.909309248,0.477597965
6,ring,3_3,5.54237,3,3,9.8754363e-01,0.912194974,0.470090358
6,ring,3_3,5.6339,3,3,9.880412767e-01,0.914827766,0.462808503
6,ring,3_3,5.72542,3,3,9.885087835e-01,0.916480759,0.455742703
6,ring,3_3,5.81695,3,3,9.889485693e-01,0.89156437,0.448883785
6,ring,3_3,5.90847,3,3,9.893628146e-01,0.916741567,0.442223072
6,ring,3_3,6,3,3,9.897534887e-01,0.924355807,0.435752346
6,star,0_1,0.6,0,1,7.355227538e-16,0.992311223,3.333333333
6,star,0_1,0.69153,0,1,2.236067977e+00,1,2.892156863
6,star,0_1,0.78305,0,1,2.236067977e+00,1,2.554112554
6,star,0_1,0.87458,0,1,7.320533069e-16,0.985628808,2.286821705
6,star,0_1,0.9661,0,1,2.236067977e+00,1,2.070175439
6,star,0_1,1.05763,0,1,0e+00,0.638162339,1.891025641
6,star,0_1,1.14915,0,1,2.236067977e+00,1,1.740412979
6,star,0_1,1.24068,0,1,2.236067977e+00,1,1.612021858
6,star,0_1,1.3322,0,1,0e+00,0.983313163,1.501272265
6,star,0_1,1.42373,0,1,1.838806885e-16,0.99569158,1.404761905
6,star,0_1,1.51525,0,1,5.447031715e-16,0.994003891,1.319910515
6,star,0_1,1.60678,0,1,2.236067977e+00,1,1.244725738
6,star,0_1,1.69831,0,1,0e+00,0.91180848,1.177644711
6,star,0_1,1.78983,0,1,2.236067977e+00,1,1.117424242
6,star,0_1,1.88136,0,1,2.236067977e+00,1,1.063063063
6,star,0_1,1.97288,0,1,0e+00,0.955330294,1.013745704
6,star,0_1,2.06441,0,1,2.236067977e+00,1,0.968801314
6,star,0_1,2.15593,0,1,1.665334537e-16,0.996271928,0.927672956
6,star,0_1,2.24746,0,1,2.236067977e+00,1,0.889894419
6,star,0_1,2.33898,0,1,0e+00,0.86105654,0.855072464
6,star,0_1,2.43051,0,1,1.942890293e-16,0.987905326,0.822873082
6,star,0_1,2.52203,0,1,2.236067977e+00,1,0.793010753
6,star,0_1,2.61356,0,1,2.236067977e+00,1,0.765239948
6,star,0_1,2.70508,0,1,0e+00,0.949709162,0.739348371
6,star,0_1,2.79661,0,1,0e+00,0.969556259,0.715151515
6,star,0_1,2.88814,0,1,2.236067977e+00,1,0.692488263
6,star,0_1,2.97966,0,1,0e+00,0.994553941,0.671217292
6,star,0_1,3.07119,0,1,2.236067977e+00,1,0.651214128
6,star,0_1,3.16271,0,1,0e+00,0.938933324,0.632368703
6,star,0_1,3.25424,0,1,0e+00,0.8,0.614583333
6,star,0_1,3.34576,0,1,2.236067977e+00,1,0.597771023
6,star,0_1,3.43729,0,1,2.236067977e+00,1,0.581854043
6,star,0_1,3.52881,0,1,2.236067977e+00,1,0.566762728
6,star,0_1,3.62034,0,1,0e+00,0.895172982,0.552434457
6,star,0_1,3.71186,0,1,2.236067977e+00,1,0.538812785
6,star,0_1,3.80339,0,1,0e+00,0.864177527,0.525846702
6,star,0_1,3.89492,0,1,0e+00,0.96986927,0.513489991
6,star,0_1,3.98644,0,1,0e+00,0.944395465,0.50170068
6,star,0_1,4.07797,0,1,2.236067977e+00,1,0.490440565
6,star,0_1,4.16949,0,1,0e+00,0.781600072,0.479674797
6,star,0_1,4.26102,0,1,0e+00,0.796948801,0.469371519
6,star,0_1,4.35254,0,1,0e+00,0.97145216,0.459501558
6,star,0_1,4.44407,0,1,2.236067977e+00,1,0.450038139
6,star,0_1,4.53559,0,1,0e+00,0.904673894,0.440956652
6,star,0_1,4.62712,0,1,2.236067977e+00,1,0.432234432
6,star,0_1,4.71864,0,1,2.236067977e+00,1,0.423850575
6,star,0_1,4.81017,0,1,0e+00,0.974882133,0.415785765
6,star,0_1,4.90169,0,1,2.236067977e+00,1,0.40802213
6,star,0_1,4.99322,0,1,2.236067977e+00,1,0.400543109
6,star,0_1,5.08475,0,1,0e+00,0.789959462,0.393333333
6,star,0_1,5.17627,0,1,0e+00,0.827123547,0.38637852
6,star,0_1,5.2678,0,1,0e+00,0.878851549,0.37966538
6,star,0_1,5.35932,0,1,2.236067977e+00,1,0.373181531
6,star,0_1,5.45085,0,1,0e+00,0.927791683,0.366915423
6,star,0_1,5.54237,0,1,2.236067977e+00,1,0.360856269
6,star,0_1,5.6339,0,1,2.236067977e+00,1,0.354993983
6,star,0_1,5.72542,0,1,0e+00,0.823156951,0.349319124
6,star,0_1,5.81695,0,1,2.236067977e+00,1,0.343822844
6,star,0_1,5.90847,0,1,0e+00,0.973328527,0.338496845
6,star,0_1,6,0,1,2.236067977e+00,1,0.333333333
6,star,3_3,0.6,3,3,4.017368849e-15,0.913671245,0.294262222
6,star,3_3,0.69153,3,3,2.295799438e-15,0.593400548,0.337454097
6,star,3_3,0.78305,3,3,3.159450947e-15,0.86247531,0.380223542
6,star,3_3,0.87458,3,3,2.775730529e-16,0.833186612,0.422689546
6,star,3_3,0.9661,3,3,1.742186408e-15,0.786156121,0.465020397
6,star,3_3,1.05763,3,3,2.900457652e-15,0.762483937,0.507434569
6,star,3_3,1.14915,3,3,1.086695837e-15,0.682827098,0.550203422
6,star,3_3,1.24068,3,3,2.127256166e-15,0.407699071,0.593657678
6,star,3_3,1.3322,3,3,3.132419107e-15,0.656644636,0.638200373
6,star,3_3,1.42373,3,3,7.929011067e-16,0.610858789,0.684330489
6,star,3_3,1.51525,3,3,8.19440002e-16,0.493734299,0.732684568
6,star,3_3,1.60678,3,3,1.550053353e-15,0.524732538,0.784110529
6,star,3_3,1.69831,3,3,5.495603972e-15,0.420210024,0.839804204
6,star,3_3,1.78983,3,3,4.810986204e-15,0.415126081,0.901582139
6,star,3_3,1.88136,3,3,6.919378265e-16,0.55804355,0.9644472
6,star,3_3,1.97288,3,3,5.455027706e-16,0.662214511,0.941434328
6,star,3_3,2.06441,3,3,6.498483735e-16,0.337256784,0.917957985
6,star,3_3,2.15593,3,3,4.086574829e-15,0.615996702,0.89444288
6,star,3_3,2.24746,3,3,1.15009456e-15,0.767199248,0.871183153
6,star,3_3,2.33898,3,3,6.256280216e-15,0.749443421,0.848378396
6,star,3_3,2.43051,3,3,2.073184289e-15,0.770989135,0.826160199
6,star,3_3,2.52203,3,3,4.135580767e-15,0.670875735,0.80461146
6,star,3_3,2.61356,3,3,3.26876113e-15,0.82020518,0.78378034
6,star,3_3,2.70508,3,3,3.774887033e-16,0.593020372,0.763690341
6,star,3_3,2.79661,3,3,1.678478027e-15,0.82512312,0.744347566
6,star,3_3,2.88814,3,3,2.179145646e-15,0.843121012,0.725745965
6,star,3_3,2.97966,3,3,3.522139178e-15,0.817092665,0.707871131
6,star,3_3,3.07119,3,3,1.42247325e-15,0.833724859,0.690703046
6,star,3_3,3.16271,3,3,8.596422185e-15,0.866764813,0.674218066
6,star,3_3,3.25424,3,3,1.720303587e-15,0.833925716,0.658390358
6,star,3_3,3.34576,3,3,2.125486169e-15,0.859689736,0.643192935
6,star,3_3,3.43729,3,3,6.910069373e-16,0.884405166,0.628598399
6,star,3_3,3.52881,3,3,2.243479577e-15,0.875604315,0.614579464
6,star,3_3,3.62034,3,3,3.552713679e-15,0.876048538,0.601109325
6,star,3_3,3.71186,3,3,1.139306748e-15,0.8793623,0.588161913
6,star,3_3,3.80339,3,3,5.551115123e-17,0.891772135,0.575712059
6,star,3_3,3.89492,3,3,1.817339682e-15,0.859193946,0.563735596
6,star,3_3,3.98644,3,3,4.231993515e-15,0.910682493,0.552209422
6,star,3_3,4.07797,3,3,1.19755551e-15,0.895480841,0.541111522
6,star,3_3,4.16949,3,3,6.938860023e-16,0.263141121,0.530420969
6,star,3_3,4.26102,3,3,2.793203152e-15,0.9056385,0.52011791
6,star,3_3,4.35254,3,3,1.64202419e-15,0.844066832,0.510183535
6,star,3_3,4.44407,3,3,1.702644644e-15,0.92431136,0.500600046
6,star,3_3,4.53559,3,3,1.415534356e-15,0.915838134,0.49135061
6,star,3_3,4.62712,3,3,4.072665579e-15,0.932451277,0.482419319
6,star,3_3,4.71864,3,3,3.305441045e-15,0.92744869,0.473791146
6,star,3_3,4.81017,3,3,2.461626823e-15,0.913468059,0.465451895
6,star,3_3,4.90169,3,3,2.327998914e-15,0.9345952,0.457388158
6,star,3_3,4.99322,3,3,1.232648085e-15,0.918503695,0.449587273
6,star,3_3,5.08475,3,3,2.581919054e-15,0.920866814,0.442037275
6,star,3_3,5.17627,3,3,1.759463614e-15,0.945381245,0.434726864
6,star,3_3,5.2678,3,3,2.066626317e-15,0.939972861,0.427645358
6,star,3_3,5.35932,3,3,7.179751958e-16,0.940473083,0.420782658
6,star,3_3,5.45085,3,3,3.060470011e-15,0.935041332,0.414129216
6,star,3_3,5.54237,3,3,1.054711873e-15,0.85614085,0.407675999
6,star,3_3,5.6339,3,3,1.439508777e-15,0.9499093,0.401414457
6,star,3_3,5.72542,3,3,2.657582813e-15,0.949821802,0.395336496
6,star,3_3,5.81695,3,3,4.385380947e-15,0.943917326,0.389434449
6,star,3_3,5.90847,3,3,1.544042489e-15,0.930546153,0.38370105
6,star,3_3,6,3,3,2.77628601e-16,0.924735876,0.378129411
