"Qubit","T1 (us)","T2 (us)","Readout assignment error","Prob meas0 prep1","Prob meas1 prep0","Readout length (ns)","ID error","Single-qubit gate length (ns)","RX error","Z-axis rotation (rz) error","√x (sx) error","Pauli-X error","CZ error","Gate length (ns)","RZZ error","MEASURE error","Operational"
"0","299.1059479311362","34.15438803714578","0.00537109375","0.0078125","0.0029296875","2584","0.0003880225391188153","36","0.0003880225391188153","0","0.0003880225391188153","0.0003880225391188153","1:0.0023616433721507513","1:68","1:0.0036327100615080876","0.00537109375","Yes"
"1","194.50337914693833","172.4705719401111","0.014404296875","0.023681640625","0.005126953125","2584","0.00017229176803207772","36","0.00017229176803207772","0","0.00017229176803207772","0.00017229176803207772","2:0.0010573154344130364;0:0.0023616433721507513","2:68;0:68","2:0.00358396946156192;0:0.0036327100615080876","0.014404296875","Yes"
"2","361.82621824984517","406.29005818092327","0.00390625","0.006591796875","0.001220703125","2584","0.0001888359519753617","36","0.0001888359519753617","0","0.0001888359519753617","0.0001888359519753617","1:0.0010573154344130364;3:0.0012766057342724069","1:68;3:68","1:0.00358396946156192;3:0.0021083557358507476","0.00390625","Yes"
"3","307.9657223515227","313.3112680951849","0.01123046875","0.011474609375","0.010986328125","2584","0.0002946880251661058","36","0.0002946880251661058","0","0.0002946880251661058","0.0002946880251661058","16:0.0020376911482546667;2:0.0012766057342724069;4:0.004620939828973353","16:68;2:68;4:80","16:0.002510361693412261;2:0.0021083557358507476;4:0.0020191094496383732","0.01123046875","Yes"
"4","206.11533139816476","183.97757419409666","0.004150390625","0.007080078125","0.001220703125","2584","0.00044215976480897106","36","0.00044215976480897106","0","0.00044215976480897106","0.00044215976480897106","3:0.004620939828973353;5:0.006327044538153748","3:80;5:68","3:0.0020191094496383732;5:0.0027301879862807743","0.004150390625","Yes"
"5","144.4772367227308","120.93844987371696","0.0037841796875","0.00244140625","0.005126953125","2584","0.00020024301924309536","36","0.00020024301924309536","0","0.00020024301924309536","0.00020024301924309536","6:0.002868675816030092;4:0.006327044538153748","6:68;4:68","6:0.0016426780312541744;4:0.0027301879862807743","0.0037841796875","Yes"
"6","351.23957257396256","151.41165930012951","0.003662109375","0.005615234375","0.001708984375","2584","0.00036851637514994967","36","0.00036851637514994967","0","0.00036851637514994967","0.00036851637514994967","5:0.002868675816030092;7:0.0015431725680902508","5:68;7:68","5:0.0016426780312541744;7:0.0017823874331460987","0.003662109375","Yes"
"7","325.21257961625076","107.04071139203676","0.010009765625","0.013427734375","0.006591796875","2584","0.00020004362461866724","36","0.00020004362461866724","0","0.00020004362461866724","0.00020004362461866724","17:0.0017863528355376301;6:0.0015431725680902508;8:0.001966493786654505","17:68;6:68;8:80","17:0.0018738489448365259;6:0.0017823874331460987;8:0.002098578210304375","0.010009765625","Yes"
"8","222.4444726091396","119.66725862910576","0.00537109375","0.0068359375","0.00390625","2584","0.0001797213369229631","36","0.0001797213369229631","0","0.0001797213369229631","0.0001797213369229631","9:0.0016679659151123405;7:0.001966493786654505","9:68;7:80","9:0.0015560033634610115;7:0.002098578210304375","0.00537109375","Yes"
"9","256.94757433564047","268.1042489872022","0.0108642578125","0.017822265625","0.00390625","2584","0.0003720160019811817","36","0.0003720160019811817","0","0.0003720160019811817","0.0003720160019811817","8:0.0016679659151123405;10:0.0013663572803646329","8:68;10:68","8:0.0015560033634610115;10:0.0012893856194532705","0.0108642578125","Yes"
"10","171.79079755816375","111.09091582644284","0.0030517578125","0.01611328125","0.0029296875","2584","0.00014124331708647038","36","0.00014124331708647038","0","0.00014124331708647038","0.00014124331708647038","9:0.0013663572803646329;11:0.0014816621767909932","9:68;11:68","9:0.0012893856194532705;11:0.0016299927808429149","0.0030517578125","Yes"
"11","205.11197784437223","182.9535922021969","0.01904296875","0.035400390625","0.002685546875","2584","0.00034921435657763947","36","0.00034921435657763947","0","0.00034921435657763947","0.00034921435657763947","18:0.0022726148437515747;10:0.0014816621767909932;12:0.0015324200050655379","18:68;10:68;12:68","18:0.0016967945489454739;10:0.0016299927808429149;12:0.0013874766203113287","0.01904296875","Yes"
"12","265.0738451233633","159.5831972478639","0.0057373046875","0.007568359375","0.00390625","2584","0.0001525583481659609","36","0.0001525583481659609","0","0.0001525583481659609","0.0001525583481659609","13:0.0016360823294514493;11:0.0015324200050655379","13:80;11:68","13:0.001791804393869889;11:0.0013874766203113287","0.0057373046875","Yes"
"13","202.86877599928417","227.0052814405966","0.0203857421875","0.0185546875","0.022216796875","2584","0.000261783233172116","36","0.000261783233172116","0","0.000261783233172116","0.000261783233172116","12:0.0016360823294514493;14:0.0011408543092372436","12:80;14:80","12:0.001791804393869889;14:0.0016352997132388636","0.0203857421875","Yes"
"14","267.3563483208422","61.579245768039726","0.0079345703125","0.010986328125","0.0048828125","2584","0.00017493991198278317","36","0.00017493991198278317","0","0.00017493991198278317","0.00017493991198278317","15:0.0013265259961051656;13:0.0011408543092372436","15:68;13:80","15:0.0014291731166956312;13:0.0016352997132388636","0.0079345703125","Yes"
"15","337.9184032815441","32.46886622900524","0.0379638671875","0.056884765625","0.01904296875","2584","0.00016358906442066572","36","0.00016358906442066572","0","0.00016358906442066572","0.00016358906442066572","14:0.0013265259961051656;19:0.0015459982672977879","14:68;19:68","14:0.0014291731166956312;19:0.001486659819889019","0.0379638671875","Yes"
"16","140.97021960849187","95.42774933466005","0.0057373046875","0.009033203125","0.00244140625","2584","0.0009414230476487809","36","0.0009414230476487809","0","0.0009414230476487809","0.0009414230476487809","23:0.0026941365298987496;3:0.0020376911482546667","23:68;3:68","23:0.003202499540830378;3:0.002510361693412261","0.0057373046875","Yes"
"17","252.37542087836118","9.900995980815429","0.005126953125","0.004638671875","0.005615234375","2584","0.000325837285058928","36","0.000325837285058928","0","0.000325837285058928","0.000325837285058928","7:0.0017863528355376301;27:0.0024165077781495847","7:68;27:68","7:0.0018738489448365259;27:0.0017850707794710707","0.005126953125","Yes"
"18","96.16129496171756","91.80954516494481","0.0084228515625","0.01220703125","0.004638671875","2584","0.00041300391636581396","36","0.00041300391636581396","0","0.00041300391636581396","0.00041300391636581396","11:0.0022726148437515747;31:0.0027040144905775","11:68;31:68","11:0.0016967945489454739;31:0.0034807819295986364","0.0084228515625","Yes"
"19","157.92810333538839","75.2089520994886","0.0074462890625","0.0087890625","0.006103515625","2584","0.00020773789776080148","36","0.00020773789776080148","0","0.00020773789776080148","0.00020773789776080148","35:0.0018780984375723897;15:0.0015459982672977879","35:80;15:68","35:0.0017405190433265605;15:0.001486659819889019","0.0074462890625","Yes"
"20","157.16999978898755","166.8210163715558","0.0147705078125","0.0146484375","0.014892578125","2584","0.00029305878949064567","36","0.00029305878949064567","0","0.00029305878949064567","0.00029305878949064567","21:0.0028518304348812695","21:68","21:0.001881433692156237","0.0147705078125","Yes"
"21","140.19370226763849","116.87512682174854","0.015625","0.016357421875","0.014892578125","2584","0.0001524250810595158","36","0.0001524250810595158","0","0.0001524250810595158","0.0001524250810595158","36:0.004344237407386764;20:0.0028518304348812695;22:0.001908091162653336","36:68;20:68;22:68","36:0.002063082875538108;20:0.001881433692156237;22:0.0012993696662371712","0.015625","Yes"
"22","208.05260893051766","36.252549847303825","0.012939453125","0.024169921875","0.001708984375","2584","0.0005208117619274261","36","0.0005208117619274261","0","0.0005208117619274261","0.0005208117619274261","23:0.003385887848217889;21:0.001908091162653336","23:68;21:68","23:0.002394787276524868;21:0.0012993696662371712","0.012939453125","Yes"
"23","240.48228345757263","161.26471738888355","0.060302734375","0.052978515625","0.067626953125","2584","0.00047736166137335467","36","0.00047736166137335467","0","0.00047736166137335467","0.00047736166137335467","22:0.003385887848217889;24:0.0034675528499372443;16:0.0026941365298987496","22:68;24:68;16:68","22:0.002394787276524868;24:0.0031573775822836547;16:0.003202499540830378","0.060302734375","Yes"
"24","106.84683115587285","78.38943074236285","0.019287109375","0.021484375","0.01708984375","2584","0.000720356037442566","36","0.000720356037442566","0","0.000720356037442566","0.000720356037442566","23:0.0034675528499372443;25:0.002815991413983615","23:68;25:68","23:0.0031573775822836547;25:0.0032451312727913295","0.019287109375","Yes"
"25","140.11986813757196","52.87439825250368","0.0921630859375","0.063720703125","0.12060546875","2584","0.00033298983827426603","36","0.00033298983827426603","0","0.00033298983827426603","0.00033298983827426603","24:0.002815991413983615;26:0.014590778128580478;37:0.005489178086809404","24:68;26:68;37:68","24:0.0032451312727913295;26:0.010895731523351326;37:0.003279019804569183","0.0921630859375","Yes"
"26","6.85449564722432","6.929793136506715","0.255126953125","0.182373046875","0.327880859375","2584","0.004580103435949791","36","0.004580103435949791","0","0.004580103435949791","0.004580103435949791","25:0.014590778128580478;27:0.01679374555794405","25:68;27:68","25:0.010895731523351326;27:0.009746770540057459","0.255126953125","Yes"
"27","182.04263239753234","148.21666463007782","0.0078125","0.0068359375","0","2584","0.0011062669282605473","36","0.0011062669282605473","0","0.0011062669282605473","0.0011062669282605473","26:0.01679374555794405;28:0.00263116915527134;17:0.0024165077781495847","26:68;28:68;17:68","26:0.009746770540057459;28:0.001415086636544799;17:0.0017850707794710707","0.0078125","Yes"
"28","339.8909126479671","148.87466642507658","0.0068359375","0.00732421875","0.00634765625","2584","0.00029381708756346476","36","0.00029381708756346476","0","0.00029381708756346476","0.00029381708756346476","27:0.00263116915527134;29:0.0028557453955971313","27:68;29:68","27:0.001415086636544799;29:0.0022071105359466325","0.0068359375","Yes"
"29","72.38211279022983","61.7092230428863","0.0203857421875","0.035888671875","0.0048828125","2584","0.0006583221433658833","36","0.0006583221433658833","0","0.0006583221433658833","0.0006583221433658833","38:0.0030250804419677535;28:0.0028557453955971313;30:0.003893405296855751","38:68;28:68;30:68","38:0.003124030077615164;28:0.0022071105359466325;30:0.0027728795898891156","0.0203857421875","Yes"
"30","140.63067728461684","25.172231845051904","0.007080078125","0.01123046875","0.0029296875","2584","0.001156582151074343","36","0.001156582151074343","0","0.001156582151074343","0.001156582151074343","31:0.0039049079656916785;29:0.003893405296855751","31:68;29:68","31:0.003333257835752834;29:0.0027728795898891156","0.007080078125","Yes"
"31","104.22263859710178","60.565078601878504","0.02734375","0.0517578125","0.0029296875","2584","0.00028087399456064175","36","0.00028087399456064175","0","0.00028087399456064175","0.00028087399456064175","30:0.0039049079656916785;32:0.002570001918074216;18:0.0027040144905775","30:68;32:68;18:68","30:0.003333257835752834;32:0.0033364216794163903;18:0.0034807819295986364","0.02734375","Yes"
"32","157.90300953669185","53.933929190580365","0.0283203125","0.027099609375","0.029541015625","2584","0.0003091834601245099","36","0.0003091834601245099","0","0.0003091834601245099","0.0003091834601245099","31:0.002570001918074216;33:0.001909445572321422","31:68;33:68","31:0.0033364216794163903;33:0.0018134629092319832","0.0283203125","Yes"
"33","175.44836801597714","159.63217041445006","0.040771484375","0.03173828125","0.0498046875","2584","0.0001968698365061726","36","0.0001968698365061726","0","0.0001968698365061726","0.0001968698365061726","39:0.002038285725814437;32:0.001909445572321422;34:0.0014694297872982487","39:68;32:68;34:68","32:0.0018134629092319832;34:0.0015645919860541313","0.040771484375","Yes"
"34","180.1594328076834","116.54749159095704","0.0068359375","0.009765625","0.00390625","2584","0.0004582795766646714","36","0.0004582795766646714","0","0.0004582795766646714","0.0004582795766646714","33:0.0014694297872982487;35:0.001858944137855062","33:68;35:68","33:0.0015645919860541313;35:0.001269789883225847","0.0068359375","Yes"
"35","385.77481209008766","566.2137649800407","0.013671875","0.009521484375","0.017822265625","2584","0.00011312356327276554","36","0.00011312356327276554","0","0.00011312356327276554","0.00011312356327276554","19:0.0018780984375723897;34:0.001858944137855062","19:80;34:68","19:0.0017405190433265605;34:0.001269789883225847","0.013671875","Yes"
"36","305.37789027150853","64.41349410935182","0.0179443359375","0.0224609375","0.013427734375","2584","0.010046348010708745","36","0.010046348010708745","0","0.010046348010708745","0.010046348010708745","41:0.004488431592823139;21:0.004344237407386764","41:68;21:68","41:0.02026625448292299;21:0.002063082875538108","0.0179443359375","Yes"
"37","133.46808005548974","8.843486012442028","0.0654296875","0.05126953125","0.07958984375","2584","0.000789901419099636","36","0.000789901419099636","0","0.000789901419099636","0.000789901419099636","45:0.005949721369162442;25:0.005489178086809404","45:68;25:68","45:0.003357623614664851;25:0.003279019804569183","0.0654296875","Yes"
"38","137.54671339328806","24.251103230605302","0.00830078125","0.0166015625","0","2584","0.0004425570424935691","36","0.0004425570424935691","0","0.0004425570424935691","0.0004425570424935691","29:0.0030250804419677535;49:0.0029943573676083357","29:68;49:68","29:0.003124030077615164;49:0.002222981155711762","0.00830078125","Yes"
"39","92.71348884698594","101.31594826883371","0.035400390625","0.053955078125","0.016845703125","2584","0.00048626029295215567","36","0.00048626029295215567","0","0.00048626029295215567","0.00048626029295215567","53:0.0020976981218946422;33:0.002038285725814437","53:68;33:68","53:0.0024420910081766056","0.035400390625","Yes"
"40","225.76701282988486","151.9260763996601","0.0123291015625","0.012939453125","0.01171875","2584","0.000603042564393091","36","0.000603042564393091","0","0.000603042564393091","0.000603042564393091","41:0.07253461961291957","41:68","41:0.1609413113887079","0.0123291015625","Yes"
"41","199.08822017708775","66.41923046841804","0.017578125","0.017578125","0.017578125","2584","0.0005119998374127261","36","0.0005119998374127261","0","0.0005119998374127261","0.0005119998374127261","40:0.07253461961291957;42:0.003950099986624794;36:0.004488431592823139","40:68;42:68;36:68","40:0.1609413113887079;42:0.016594324518980436;36:0.02026625448292299","0.017578125","Yes"
"42","316.40568482788456","133.15581526401098","0.0164794921875","0.023681640625","0.00927734375","2584","0.00031431221062308415","36","0.00031431221062308415","0","0.00031431221062308415","0.00031431221062308415","41:0.003950099986624794;43:0.0031728206468840947","41:68;43:68","41:0.016594324518980436;43:0.0038703745715668036","0.0164794921875","Yes"
"43","273.52320234679723","81.305027864642","0.0167236328125","0.018798828125","0.0146484375","2584","0.0002681029068948307","36","0.0002681029068948307","0","0.0002681029068948307","0.0002681029068948307","42:0.0031728206468840947;56:0.0029423246481688203;44:0.0016562121463479795","42:68;56:68;44:68","42:0.0038703745715668036;56:0.0024415369443468726;44:0.0015997728527501476","0.0167236328125","Yes"
"44","226.18546490222408","55.46498106381441","0.0045166015625","0.01123046875","0.002197265625","2584","0.0002174720142107686","36","0.0002174720142107686","0","0.0002174720142107686","0.0002174720142107686","45:0.0019622303151549947;43:0.0016562121463479795","45:68;43:68","45:0.001682362953595723;43:0.0015997728527501476","0.0045166015625","Yes"
"45","77.49130636058476","66.58297045766979","0.0108642578125","0.01904296875","0.002685546875","2584","0.00025393341378454853","36","0.00025393341378454853","0","0.00025393341378454853","0.00025393341378454853","44:0.0019622303151549947;46:0.0030551189099289333;37:0.005949721369162442","44:68;46:68;37:68","44:0.001682362953595723;46:0.005302805237555747;37:0.003357623614664851","0.0108642578125","Yes"
"46","261.60004781824455","122.23490086488184","0.00830078125","0.015380859375","0.001220703125","2584","0.000299677427542667","36","0.000299677427542667","0","0.000299677427542667","0.000299677427542667","45:0.0030551189099289333;47:0.0021693375186330466","45:68;47:68","45:0.005302805237555747;47:0.0027301441601985943","0.00830078125","Yes"
"47","167.8369976835948","146.9038574379507","0.021240234375","0.04052734375","0.001953125","2584","0.00012673778270360622","36","0.00012673778270360622","0","0.00012673778270360622","0.00012673778270360622","48:0.009567451040126324;57:0.0023047234241614645;46:0.0021693375186330466","48:68;57:68;46:68","48:0.0077590191760426586;57:0.0022401130473720665;46:0.0027301441601985943","0.021240234375","Yes"
"48","284.715967440386","242.46852564351252","0.0670166015625","0.06298828125","0.071044921875","2584","0.0028318628048768814","36","0.0028318628048768814","0","0.0028318628048768814","0.0028318628048768814","47:0.009567451040126324;49:0.009988904475005944","47:68;49:68","47:0.0077590191760426586;49:0.007467148136490631","0.0670166015625","Yes"
"49","280.97916560106734","230.49364914763382","0.00830078125","0.010498046875","0.006103515625","2584","0.0007965134219357852","36","0.0007965134219357852","0","0.0007965134219357852","0.0007965134219357852","48:0.009988904475005944;50:0.001987468485045385;38:0.0029943573676083357","48:68;50:68;38:68","48:0.007467148136490631;50:0.0020647273197590688;38:0.002222981155711762","0.00830078125","Yes"
"50","186.28446992504172","181.06905791566928","0.010498046875","0.017333984375","0.003662109375","2584","0.00021226841495416824","36","0.00021226841495416824","0","0.00021226841495416824","0.00021226841495416824","49:0.001987468485045385;51:0.0015879115840380098","49:68;51:68","49:0.0020647273197590688;51:0.0017409258584932807","0.010498046875","Yes"
"51","138.00393945267706","157.14401845645173","0.05224609375","0.064208984375","0.040283203125","2584","0.00020032087152963774","36","0.00020032087152963774","0","0.00020032087152963774","0.00020032087152963774","50:0.0015879115840380098;52:0.0017545781977960917;58:0.0015040609764022383","50:68;52:68;58:68","50:0.0017409258584932807;52:0.0016571845477020841","0.05224609375","Yes"
"52","149.20692430888326","134.5127226936156","0.0172119140625","0.01904296875","0.015380859375","2584","0.00040383132996182534","36","0.00040383132996182534","0","0.00040383132996182534","0.00040383132996182534","51:0.0017545781977960917;53:0.0023433387598283673","51:68;53:68","51:0.0016571845477020841;53:0.0015002051432424779","0.0172119140625","Yes"
"53","104.47692326194685","29.17202460823688","0.017822265625","0.013427734375","0.022216796875","2584","0.0002430711921676036","36","0.0002430711921676036","0","0.0002430711921676036","0.0002430711921676036","39:0.0020976981218946422;52:0.0023433387598283673;54:0.0012600141229038575","39:68;52:68;54:68","39:0.0024420910081766056;52:0.0015002051432424779;54:0.0017922582976258872","0.017822265625","Yes"
"54","198.73413206747415","238.7312730936572","0.00390625","0.004638671875","0.003173828125","2584","0.0001465747929997835","36","0.0001465747929997835","0","0.0001465747929997835","0.0001465747929997835","53:0.0012600141229038575;55:0.001622658531855281","53:68;55:68","53:0.0017922582976258872;55:0.0023274888136029515","0.00390625","Yes"
"55","215.59176593511162","35.07576723378638","0.0526123046875","0.0673828125","0.037841796875","2584","0.0001922707870050286","36","0.0001922707870050286","0","0.0001922707870050286","0.0001922707870050286","59:0.0020288979148944675;54:0.001622658531855281","59:68;54:68","59:0.002094557805527114;54:0.0023274888136029515","0.0526123046875","Yes"
"56","191.9481715063361","78.67490803815313","0.0313720703125","0.034912109375","0.02783203125","2584","0.0005704510113871406","36","0.0005704510113871406","0","0.0005704510113871406","0.0005704510113871406","63:0.0033710920628466645;43:0.0029423246481688203","63:68;43:68","63:0.002788416674573607;43:0.0024415369443468726","0.0313720703125","Yes"
"57","171.83481498409543","18.182444232977975","0.007080078125","0.01123046875","0.0029296875","2584","0.0006578246607609169","36","0.0006578246607609169","0","0.0006578246607609169","0.0006578246607609169","47:0.0023047234241614645;67:0.002303716342152262","47:68;67:68","47:0.0022401130473720665;67:0.0039303469623950815","0.007080078125","Yes"
"58","191.55809317551495","166.29746116010392","0.030517578125","0.03076171875","0.0302734375","2584","0.00026095077084359927","36","0.00026095077084359927","0","0.00026095077084359927","0.00026095077084359927","71:0.0025852356680710065;51:0.0015040609764022383","71:68;51:68","71:0.004087198549964616","0.030517578125","Yes"
"59","160.79889575744005","70.23109816718063","0.0179443359375","0.02001953125","0.015869140625","2584","0.0001728744739895186","36","0.0001728744739895186","0","0.0001728744739895186","0.0001728744739895186","55:0.0020288979148944675;75:0.002178847820937635","55:68;75:68","55:0.002094557805527114;75:0.0015477038015592748","0.0179443359375","Yes"
"60","148.782022304902","78.9596715017723","0.017333984375","0.01513671875","0.01953125","2584","0.0004998746331916431","36","0.0004998746331916431","0","0.0004998746331916431","0.0004998746331916431","61:0.007204678331433373","61:80","61:0.022492589933314017","0.017333984375","Yes"
"61","258.69126062667516","212.2858006783436","0.0115966796875","0.01318359375","0.005859375","2584","0.000305758118964406","36","0.000305758118964406","0","0.000305758118964406","0.000305758118964406","76:0.0034932775277914663;60:0.007204678331433373","76:68;60:80;62:68","76:0.003631870881837751;60:0.022492589933314017","0.0115966796875","Yes"
"62","150.5158749632759","56.19063727108955","0.006591796875","0.01025390625","0.0029296875","2584","0.00046254093654257873","36","0.00046254093654257873","0","0.00046254093654257873","0.00046254093654257873","63:0.002578188041828161","61:68;63:68","63:0.002116325360249499","0.006591796875","Yes"
"63","205.58993271248184","68.66159737432928","0.0638427734375","0.04296875","0.084716796875","2584","0.00024298442673109538","36","0.00024298442673109538","0","0.00024298442673109538","0.00024298442673109538","56:0.0033710920628466645;62:0.002578188041828161;64:0.0019414238433636821","56:68;62:68;64:68","56:0.002788416674573607;62:0.002116325360249499;64:0.0015945144713246928","0.0638427734375","Yes"
"64","242.6126667772099","84.30630097409929","0.0233154296875","0.045166015625","0.00146484375","2584","0.00043940551971371794","36","0.00043940551971371794","0","0.00043940551971371794","0.00043940551971371794","65:0.0022216784324460004;63:0.0019414238433636821","65:68;63:68","65:0.0019969033332737363;63:0.0015945144713246928","0.0233154296875","Yes"
"65","186.37933144422277","42.313334264699414","0.018310546875","0.02734375","0.00927734375","2584","0.00023141786158988452","36","0.00023141786158988452","0","0.00023141786158988452","0.00023141786158988452","64:0.0022216784324460004;66:0.0025247464118158536;77:0.002382842870514351","64:68;66:68;77:68","64:0.0019969033332737363;66:0.0021858236547098453;77:0.002554246258716697","0.018310546875","Yes"
"66","115.89912463145082","58.36493993373439","0.0126953125","0.023681640625","0.001708984375","2584","0.00023567878105085918","36","0.00023567878105085918","0","0.00023567878105085918","0.00023567878105085918","65:0.0025247464118158536;67:0.002184569302817657","65:68;67:68","65:0.0021858236547098453;67:0.0026334121238757724","0.0126953125","Yes"
"67","266.94478310240555","84.19496568405647","0.012451171875","0.013671875","0.01123046875","2584","0.0001176880925438437","36","0.0001176880925438437","0","0.0001176880925438437","0.0001176880925438437","68:0.0026146330827386544;57:0.002303716342152262;66:0.002184569302817657","68:68;57:68;66:68","68:0.004594965905150933;57:0.0039303469623950815;66:0.0026334121238757724","0.012451171875","Yes"
"68","102.64913654749377","24.698119968632035","0.0748291015625","0.052001953125","0.09765625","2584","0.0006567098084329524","36","0.0006567098084329524","0","0.0006567098084329524","0.0006567098084329524","67:0.0026146330827386544;69:0.0022760844583785966","67:68;69:68","67:0.004594965905150933;69:0.0029067988828613833","0.0748291015625","Yes"
"69","157.31048374474142","41.6244269250388","0.0318603515625","0.0341796875","0.029541015625","2584","0.0001441458847044187","36","0.0001441458847044187","0","0.0001441458847044187","0.0001441458847044187","78:0.002352314936373584;68:0.0022760844583785966;70:0.00198796164635201","78:68;68:68;70:80","78:0.002203126870073624;68:0.0029067988828613833;70:0.0017841104985539535","0.0318603515625","Yes"
"70","170.24965779825158","15.324754036033202","0.0145263671875","0.021240234375","0.0078125","2584","0.00018964738400192342","36","0.00018964738400192342","0","0.00018964738400192342","0.00018964738400192342","69:0.00198796164635201;71:0.0023097127434097975","69:80;71:68","69:0.0017841104985539535;71:0.0016243111104467522","0.0145263671875","Yes"
"71","155.89346186150354","101.808288017404","0.02880859375","0.02099609375","0.03662109375","2584","0.00031268543422958045","36","0.00031268543422958045","0","0.00031268543422958045","0.00031268543422958045","72:0.0032382350013463457;58:0.0025852356680710065;70:0.0023097127434097975","72:68;58:68;70:68","72:0.002842537655341315;58:0.004087198549964616;70:0.0016243111104467522","0.02880859375","Yes"
"72","150.76909259094154","10.67407694891485","0.0113525390625","0.01904296875","0.003662109375","2584","0.0006267853722479346","36","0.0006267853722479346","0","0.0006267853722479346","0.0006267853722479346","73:0.005437528800695229;71:0.0032382350013463457","73:68;71:68","73:0.004796000948509266;71:0.002842537655341315","0.0113525390625","Yes"
"73","240.26419530238832","41.20653854338731","0.0162353515625","0.01953125","0.012939453125","2584","0.0005039887635106166","36","0.0005039887635106166","0","0.0005039887635106166","0.0005039887635106166","72:0.005437528800695229;74:0.0024122064761528395;79:0.003350485619296989","72:68;74:68;79:68","72:0.004796000948509266;74:0.0027158495422635043;79:0.003155662575371171","0.0162353515625","Yes"
"74","109.46136125520404","11.50951556633386","0.027587890625","0.032470703125","0.022705078125","2584","0.00030140561010278365","36","0.00030140561010278365","0","0.00030140561010278365","0.00030140561010278365","73:0.0024122064761528395;75:0.0026001589486552013","73:68;75:68","73:0.0027158495422635043;75:0.0020917878994038963","0.027587890625","Yes"
"75","242.37912005164742","189.04794047013456","0.004638671875","0.005126953125","0.004150390625","2584","0.00023840016542961634","36","0.00023840016542961634","0","0.00023840016542961634","0.00023840016542961634","59:0.002178847820937635;74:0.0026001589486552013","59:68;74:68","59:0.0015477038015592748;74:0.0020917878994038963","0.004638671875","Yes"
"76","78.69661302169436","32.88688596767609","0.0169677734375","0.0166015625","0.017333984375","2584","0.00047173688876765","36","0.00047173688876765","0","0.00047173688876765","0.00047173688876765","81:0.0043938923202561375;61:0.0034932775277914663","81:68;61:68","81:0.004542100748590433;61:0.003631870881837751","0.0169677734375","Yes"
"77","197.6869423716777","105.17390888276317","0.0792236328125","0.055419921875","0.10302734375","2584","0.000265749882959775","36","0.000265749882959775","0","0.000265749882959775","0.000265749882959775","85:0.003143472117171864;65:0.002382842870514351","85:68;65:68","85:0.0037426801653786534;65:0.002554246258716697","0.0792236328125","Yes"
"78","168.12648804183289","211.9591147252409","0.0245361328125","0.009765625","0.025634765625","2584","0.000349313643642675","36","0.000349313643642675","0","0.000349313643642675","0.000349313643642675","69:0.002352314936373584;89:0.001987208678857072","69:68;89:68","69:0.002203126870073624;89:0.0016146804980901597","0.0245361328125","Yes"
"79","122.45908303989829","33.03401379267737","0.079833984375","0.1357421875","0.02392578125","2584","0.0004239902350844724","36","0.0004239902350844724","0","0.0004239902350844724","0.0004239902350844724","93:0.0033671707142734764;73:0.003350485619296989","93:68;73:68","93:0.001976928395720806;73:0.003155662575371171","0.079833984375","Yes"
"80","161.92886367153736","35.16681501517996","0.010498046875","0.0166015625","0.00439453125","2584","0.0003381275212682089","36","0.0003381275212682089","0","0.0003381275212682089","0.0003381275212682089","81:0.003920760103324733","81:68","81:0.004022903675044431","0.010498046875","Yes"
"81","164.42429807315713","178.4859734621111","0.01708984375","0.029052734375","0.005126953125","2584","0.00041515967492814035","36","0.00041515967492814035","0","0.00041515967492814035","0.00041515967492814035","80:0.003920760103324733;76:0.0043938923202561375","80:68;82:68;76:68","80:0.004022903675044431;82:0.21207022706168296;76:0.004542100748590433","0.01708984375","Yes"
"82","6.55727440188831","6.440762177221647","0.2762451171875","0.412353515625","0.14013671875","2584","","36","","0","","","","81:68;83:68","81:0.21207022706168296","0.2762451171875","Yes"
"83","222.95788695009028","268.9510505118661","0.1217041015625","0.109619140625","0.1337890625","2584","0.0006580885713598448","36","0.0006580885713598448","0","0.0006580885713598448","0.0006580885713598448","96:0.008585681130422518;84:0.004532289569366382","96:68;82:68;84:68","96:0.005222516143749578;84:0.0032754426811893445","0.1217041015625","Yes"
"84","208.70765562878321","216.93180675081098","0.0103759765625","0.01318359375","0.007568359375","2584","0.0007050049273889442","36","0.0007050049273889442","0","0.0007050049273889442","0.0007050049273889442","83:0.004532289569366382;85:0.0038988585913586338","83:68;85:68","83:0.0032754426811893445;85:0.0031981545684170998","0.0103759765625","Yes"
"85","168.76096329143905","94.46517926368705","0.0142822265625","0.013671875","0.014892578125","2584","0.00020391970919491194","36","0.00020391970919491194","0","0.00020391970919491194","0.00020391970919491194","77:0.003143472117171864;86:0.002503817335962971;84:0.0038988585913586338","77:68;86:68;84:68","77:0.0037426801653786534;86:0.009299994665243422;84:0.0031981545684170998","0.0142822265625","Yes"
"86","253.6952185290506","52.21796003027766","0.012451171875","0.02001953125","0.0048828125","2584","0.0006873054054986999","36","0.0006873054054986999","0","0.0006873054054986999","0.0006873054054986999","85:0.002503817335962971;87:0.0019965257687575844","85:68;87:68","85:0.009299994665243422;87:0.007806541207941942","0.012451171875","Yes"
"87","166.86663143394827","134.78310914520242","0.018798828125","0.02978515625","0.0078125","2584","0.00030680175949243855","36","0.00030680175949243855","0","0.00030680175949243855","0.00030680175949243855","86:0.0019965257687575844;88:0.001417246510767689;97:0.00394586220651405","86:68;88:68;97:68","86:0.007806541207941942;88:0.0016514980496533938;97:0.0017872145189114508","0.018798828125","Yes"
"88","197.28801889059247","149.0514189404218","0.0234375","0.029541015625","0.017333984375","2584","0.00021561138412762234","36","0.00021561138412762234","0","0.00021561138412762234","0.00021561138412762234","87:0.001417246510767689;89:0.0017751351643334468","87:68;89:68","87:0.0016514980496533938;89:0.0017479666291468632","0.0234375","Yes"
"89","273.1015237164524","287.8956026340587","0.014892578125","0.015380859375","0.014404296875","2584","0.00019931122812268738","36","0.00019931122812268738","0","0.00019931122812268738","0.00019931122812268738","90:0.0025463725153458128;88:0.0017751351643334468;78:0.001987208678857072","90:68;88:68;78:68","90:0.0026153657799656282;88:0.0017479666291468632;78:0.0016146804980901597","0.014892578125","Yes"
"90","58.272887928331485","87.69404849527758","0.0225830078125","0.029052734375","0.01611328125","2584","0.0012693481229655598","36","0.0012693481229655598","0","0.0012693481229655598","0.0012693481229655598","89:0.0025463725153458128;91:0.0034739602354498245","89:68;91:80","89:0.0026153657799656282;91:0.0028465494040199046","0.0225830078125","Yes"
"91","154.32587171024173","208.8937144650291","0.008544921875","0.014404296875","0.002685546875","2584","0.0004488683632587196","36","0.0004488683632587196","0","0.0004488683632587196","0.0004488683632587196","98:0.0016254772250646199;90:0.0034739602354498245;92:0.0022963595580262064","98:68;90:80;92:68","98:0.0010151107940385984;90:0.0028465494040199046;92:0.001548559829473245","0.008544921875","Yes"
"92","277.9536068327883","359.3538632638758","0.0196533203125","0.01904296875","0.020263671875","2584","0.0004568633134684348","36","0.0004568633134684348","0","0.0004568633134684348","0.0004568633134684348","91:0.0022963595580262064;93:0.0029043575750244965","91:68;93:68","91:0.001548559829473245;93:0.0018546461761903277","0.0196533203125","Yes"
"93","247.88319262908283","224.23749501358944","0.0076904296875","0.013916015625","0.00146484375","2584","0.00023130244661607725","36","0.00023130244661607725","0","0.00023130244661607725","0.00023130244661607725","94:0.001351340752931779;79:0.0033671707142734764;92:0.0029043575750244965","94:68;79:68;92:68","94:0.0016509361422648583;79:0.001976928395720806;92:0.0018546461761903277","0.0076904296875","Yes"
"94","310.4663152424953","213.65141428940223","0.00537109375","0.01025390625","0.00048828125","2584","0.0001404467564241151","36","0.0001404467564241151","0","0.0001404467564241151","0.0001404467564241151","93:0.001351340752931779;95:0.012374061243938084","93:68;95:68","93:0.0016509361422648583;95:0.007158008308955105","0.00537109375","Yes"
"95","329.24058812788064","506.6093513141199","0.014404296875","0.005859375","0.00439453125","2584","0.0007266394466132784","36","0.0007266394466132784","0","0.0007266394466132784","0.0007266394466132784","99:0.08500679322814537;94:0.012374061243938084","99:68;94:68","94:0.007158008308955105","0.014404296875","Yes"
"96","186.36690958169552","100.8410800278841","0.0198974609375","0.030517578125","0.00927734375","2584","0.0002759302081943263","36","0.0002759302081943263","0","0.0002759302081943263","0.0002759302081943263","83:0.008585681130422518;103:0.003091635609217408","83:68;103:68","83:0.005222516143749578;103:0.0027525991776253256","0.0198974609375","Yes"
"97","191.04626639066925","57.078947352209866","0.0098876953125","0.016845703125","0.0029296875","2584","0.001656471927568553","36","0.001656471927568553","0","0.001656471927568553","0.001656471927568553","87:0.00394586220651405;107:0.003601829658850364","87:68;107:68","87:0.0017872145189114508;107:0.0013515059968335907","0.0098876953125","Yes"
"98","355.35829080863846","86.56669345978484","0.005615234375","0.006103515625","0.005126953125","2584","0.00012947208102504236","36","0.00012947208102504236","0","0.00012947208102504236","0.00012947208102504236","91:0.0016254772250646199;111:0.0017177250281370515","91:68;111:68","91:0.0010151107940385984;111:0.001471005535728237","0.005615234375","Yes"
"99","165.9322828648805","38.496469659962116","0.0107421875","0.019287109375","0.002197265625","2584","0.00026538369322810676","36","0.00026538369322810676","0","0.00026538369322810676","0.00026538369322810676","115:0.0033310482833960875;95:0.08500679322814537","115:68;95:68","115:0.0025467633213522023","0.0107421875","Yes"
"100","105.24757860005907","89.62929051692274","0.0067138671875","0.01318359375","0.000244140625","2584","0.0006318427066432514","36","0.0006318427066432514","0","0.0006318427066432514","0.0006318427066432514","101:0.004122901825796832","101:68","101:0.003015667898199348","0.0067138671875","Yes"
"101","159.00999675464286","74.81627104252169","0.016357421875","0.027587890625","0.005126953125","2584","0.00041686924892853674","36","0.00041686924892853674","0","0.00041686924892853674","0.00041686924892853674","100:0.004122901825796832;116:0.0035030472869853613;102:0.0029015378757314414","100:68;116:68;102:68","100:0.003015667898199348;116:0.003375143719108409;102:0.006381053991060592","0.016357421875","Yes"
"102","75.58323649759902","34.15189192506228","0.0286865234375","0.031494140625","0.02587890625","2584","0.0002676466168317438","36","0.0002676466168317438","0","0.0002676466168317438","0.0002676466168317438","101:0.0029015378757314414;103:0.0037137532978206156","101:68;103:68","101:0.006381053991060592;103:0.0048666018051628235","0.0286865234375","Yes"
"103","109.33537505412127","60.26765126603589","0.0108642578125","0.016845703125","0.0048828125","2584","0.0003615708622147554","36","0.0003615708622147554","0","0.0003615708622147554","0.0003615708622147554","104:0.0024694043251462516;96:0.003091635609217408;102:0.0037137532978206156","104:68;96:68;102:68","104:0.00553007068977121;96:0.0027525991776253256;102:0.0048666018051628235","0.0108642578125","Yes"
"104","188.8249948312907","167.43856231022048","0.00732421875","0.0087890625","0.005859375","2584","0.0003112564668173405","36","0.0003112564668173405","0","0.0003112564668173405","0.0003112564668173405","103:0.0024694043251462516;105:0.0018361598633986898","103:68;105:68","103:0.00553007068977121;105:0.0018522957676790908","0.00732421875","Yes"
"105","145.33529237982606","106.96898978070946","0.012451171875","0.017578125","0.00732421875","2584","0.00040927786277640733","36","0.00040927786277640733","0","0.00040927786277640733","0.00040927786277640733","104:0.0018361598633986898;106:0.002191882028831138;117:0.003828085773628115","104:68;106:68;117:68","104:0.0018522957676790908;106:0.0021656090084723467;117:0.00372379375816026","0.012451171875","Yes"
"106","374.3092458048196","210.2520227058074","0.0103759765625","0.01318359375","0.007568359375","2584","0.0005106119251567129","36","0.0005106119251567129","0","0.0005106119251567129","0.0005106119251567129","107:0.0039992367922516425;105:0.002191882028831138","107:68;105:68","107:0.003412115451119385;105:0.0021656090084723467","0.0103759765625","Yes"
"107","367.83561462442225","314.33510860345234","0.008544921875","0.008056640625","0.009033203125","2584","0.00028599560821866065","36","0.00028599560821866065","0","0.00028599560821866065","0.00028599560821866065","106:0.0039992367922516425;108:0.003041864446583137;97:0.003601829658850364","106:68;108:68;97:68","106:0.003412115451119385;108:0.003677855465436447;97:0.0013515059968335907","0.008544921875","Yes"
"108","37.95398551477781","57.890365724237675","0.0328369140625","0.057373046875","0.00830078125","2584","0.0009666750363107009","36","0.0009666750363107009","0","0.0009666750363107009","0.0009666750363107009","107:0.003041864446583137;109:0.002488427433483237","107:68;109:68","107:0.003677855465436447;109:0.00310611077083775","0.0328369140625","Yes"
"109","312.6998820452672","113.81509556041868","0.00439453125","0.00732421875","0.00146484375","2584","0.000154331374591684","36","0.000154331374591684","0","0.000154331374591684","0.000154331374591684","108:0.002488427433483237;110:0.0015734304286884881;118:0.0017126443490763366","108:68;110:68;118:68","108:0.00310611077083775;110:0.0018782613740692677;118:0.0034891949833048275","0.00439453125","Yes"
"110","189.7854219692525","128.19708073848557","0.008056640625","0.009521484375","0.006591796875","2584","0.0003711505838490502","36","0.0003711505838490502","0","0.0003711505838490502","0.0003711505838490502","109:0.0015734304286884881;111:0.0017233797001940665","109:68;111:68","109:0.0018782613740692677;111:0.0017751760772803105","0.008056640625","Yes"
"111","199.96786902183467","43.998864081638125","0.0076904296875","0.01123046875","0.004150390625","2584","0.00021607211483254027","36","0.00021607211483254027","0","0.00021607211483254027","0.00021607211483254027","112:0.0019449309809467796;110:0.0017233797001940665;98:0.0017177250281370515","112:68;110:68;98:68","112:0.0018647416056876143;110:0.0017751760772803105;98:0.001471005535728237","0.0076904296875","Yes"
"112","224.98396771488476","160.87758531481145","0.0059814453125","0.00927734375","0.003173828125","2584","0.0003577741876772829","36","0.0003577741876772829","0","0.0003577741876772829","0.0003577741876772829","111:0.0019449309809467796","111:68;113:68","111:0.0018647416056876143","0.0059814453125","Yes"
"113","152.0596193096577","89.48945599617846","0.297607421875","0.546875","0.04833984375","2584","","36","","0","","","","119:68;112:68;114:68","","0.297607421875","Yes"
"114","181.70044694891467","150.84317849394284","0.0067138671875","0.009521484375","0.00390625","2584","0.00031617315870612983","36","0.00031617315870612983","0","0.00031617315870612983","0.00031617315870612983","115:0.0027787499543811267","115:68;113:68","115:0.005922780201356115","0.0067138671875","Yes"
"115","182.86769617540716","77.11853362009126","0.0159912109375","0.0185546875","0.013427734375","2584","0.00012119612023271557","36","0.00012119612023271557","0","0.00012119612023271557","0.00012119612023271557","99:0.0033310482833960875;114:0.0027787499543811267","99:68;114:68","99:0.0025467633213522023;114:0.005922780201356115","0.0159912109375","Yes"
"116","69.19735206764962","44.082648521191466","0.0179443359375","0.02197265625","0.013916015625","2584","0.0005515156833121323","36","0.0005515156833121323","0","0.0005515156833121323","0.0005515156833121323","101:0.0035030472869853613;121:0.003312055483197518","101:68;121:68","101:0.003375143719108409;121:0.003758815346408345","0.0179443359375","Yes"
"117","184.9704232227628","18.602384168024283","0.0211181640625","0.027099609375","0.01513671875","2584","0.0004990389163669587","36","0.0004990389163669587","0","0.0004990389163669587","0.0004990389163669587","105:0.003828085773628115;125:0.002785638804556345","105:68;125:68","105:0.00372379375816026;125:0.003156626996250911","0.0211181640625","Yes"
"118","151.92429627165197","70.96045713037411","0.005615234375","0.0087890625","0.00244140625","2584","0.0001643945254335075","36","0.0001643945254335075","0","0.0001643945254335075","0.0001643945254335075","109:0.0017126443490763366;129:0.001535043743660508","109:68;129:68","109:0.0034891949833048275","0.005615234375","Yes"
"119","266.86412072022216","75.6274732378708","0.18896484375","0.365234375","0.0126953125","2584","","36","","0","","","","113:68;133:68","","0.18896484375","Yes"
"120","210.88543918399597","67.09857644414922","0.0113525390625","0.013916015625","0.0087890625","2584","0.00018184362566212343","36","0.00018184362566212343","0","0.00018184362566212343","0.00018184362566212343","121:0.0018246023658072263","121:68","121:0.0019537642174436987","0.0113525390625","Yes"
"121","260.96054978496227","286.168227364715","0.1695556640625","0.10400390625","0.235107421875","2584","0.0003962956031483162","36","0.0003962956031483162","0","0.0003962956031483162","0.0003962956031483162","120:0.0018246023658072263;122:0.003841317462739996;116:0.003312055483197518","120:68;122:80;116:68","120:0.0019537642174436987;122:0.003462292702702957;116:0.003758815346408345","0.1695556640625","Yes"
"122","227.52383118853263","30.822857691706407","0.0255126953125","0.02294921875","0.028076171875","2584","0.00018934834233190663","36","0.00018934834233190663","0","0.00018934834233190663","0.00018934834233190663","121:0.003841317462739996;123:0.0022232564520508202","121:80;123:68","121:0.003462292702702957;123:0.002394612300518767","0.0255126953125","Yes"
"123","191.32909282159233","102.96523960322438","0.0142822265625","0.0146484375","0.013916015625","2584","0.0004259953205548878","36","0.0004259953205548878","0","0.0004259953205548878","0.0004259953205548878","136:0.002463318806011472;124:0.002351639906863129;122:0.0022232564520508202","136:68;124:68;122:68","136:0.002930645872281201;124:0.0028771250576130614;122:0.002394612300518767","0.0142822265625","Yes"
"124","109.40042678652415","58.732939844173444","0.01220703125","0.018798828125","0.005615234375","2584","0.0004215132367301252","36","0.0004215132367301252","0","0.0004215132367301252","0.0004215132367301252","123:0.002351639906863129;125:0.0024851508399263422","123:68;125:68","123:0.0028771250576130614;125:0.002304362688833772","0.01220703125","Yes"
"125","158.70475891501596","94.00113398189339","0.00634765625","0.011962890625","0.000732421875","2584","0.000279398032555456","36","0.000279398032555456","0","0.000279398032555456","0.000279398032555456","117:0.002785638804556345;124:0.0024851508399263422;126:0.0023200008275992834","117:68;124:68;126:68","117:0.003156626996250911;124:0.002304362688833772;126:0.002287835740852451","0.00634765625","Yes"
"126","182.55762319047136","41.48796216911989","0.025390625","0.02197265625","0.02880859375","2584","0.0008633701564555362","36","0.0008633701564555362","0","0.0008633701564555362","0.0008633701564555362","127:0.002289018738739851;125:0.0023200008275992834","127:68;125:68","127:0.002782649580996749;125:0.002287835740852451","0.025390625","Yes"
"127","291.76006138063235","21.669208911067138","0.028564453125","0.037109375","0.02001953125","2584","0.0002600152091233311","36","0.0002600152091233311","0","0.0002600152091233311","0.0002600152091233311","126:0.002289018738739851;128:0.0017785586588889568;137:0.0025123871685133192","126:68;128:68;137:68","126:0.002782649580996749;128:0.002845376396009347;137:0.0030450101580123956","0.028564453125","Yes"
"128","262.25617870088456","246.7103588845983","0.0078125","0.012939453125","0.002685546875","2584","0.00045742162210637706","36","0.00045742162210637706","0","0.00045742162210637706","0.00045742162210637706","127:0.0017785586588889568;129:0.002237075447102582","127:68;129:68","127:0.002845376396009347;129:0.0019027275283491352","0.0078125","Yes"
"129","277.325311013006","208.05052959887962","0.005615234375","0.00732421875","0.00146484375","2584","0.00021935474532619397","36","0.00021935474532619397","0","0.00021935474532619397","0.00021935474532619397","128:0.002237075447102582;118:0.001535043743660508","130:68;128:68;118:68","128:0.0019027275283491352","0.005615234375","Yes"
"130","322.9729925580698","16.288825214895343","0.4993896484375","0.49951171875","0.499267578125","2584","","36","","0","","","","129:68;131:68","","0.4993896484375","Yes"
"131","289.3631441871685","219.47105705785953","0.0052490234375","0.00830078125","0.002197265625","2584","0.00021615998558044902","36","0.00021615998558044902","0","0.00021615998558044902","0.00021615998558044902","138:0.001748044730629894;132:0.0012793204361214727","138:68;130:68;132:68","138:0.002076704422829395;132:0.0013782402392578386","0.0052490234375","Yes"
"132","185.70237965763584","77.63818349851563","0.0069580078125","0.00830078125","0.005615234375","2584","0.00020235774767587603","36","0.00020235774767587603","0","0.00020235774767587603","0.00020235774767587603","133:0.002028588040110302;131:0.0012793204361214727","133:68;131:68","133:0.0011235157031685983;131:0.0013782402392578386","0.0069580078125","Yes"
"133","324.11585501420615","49.94496682373328","0.0048828125","0.0078125","0.001953125","2584","0.00019706620641701258","36","0.00019706620641701258","0","0.00019706620641701258","0.00019706620641701258","132:0.002028588040110302;134:0.002553054233472185","132:68;134:80;119:68","132:0.0011235157031685983;134:0.0036372671185252448","0.0048828125","Yes"
"134","326.7642254529396","177.51636914888775","0.005126953125","0.004150390625","0.006103515625","2584","0.00017464912398242188","36","0.00017464912398242188","0","0.00017464912398242188","0.00017464912398242188","133:0.002553054233472185;135:0.002523002516746753","133:80;135:68","133:0.0036372671185252448;135:0.0025277335821183855","0.005126953125","Yes"
"135","309.2759769053818","71.83046253926287","0.03662109375","0.02392578125","0.04931640625","2584","0.0002266275328675494","36","0.0002266275328675494","0","0.0002266275328675494","0.0002266275328675494","134:0.002523002516746753;139:0.0012464412562805671","134:68;139:68","134:0.0025277335821183855;139:0.0013811023553485513","0.03662109375","Yes"
"136","270.07194497464366","158.7736967176856","0.0159912109375","0.02001953125","0.011962890625","2584","0.000502229459308184","36","0.000502229459308184","0","0.000502229459308184","0.000502229459308184","123:0.002463318806011472;143:0.016519044564048707","123:68;143:68","123:0.002930645872281201;143:0.001951346776617846","0.0159912109375","Yes"
"137","136.096637489632","91.04488792696772","0.0068359375","0.0107421875","0.0029296875","2584","0.0005996066648827925","36","0.0005996066648827925","0","0.0005996066648827925","0.0005996066648827925","147:0.0024309356705382312;127:0.0025123871685133192","147:68;127:68","147:0.0021172153904392144;127:0.0030450101580123956","0.0068359375","Yes"
"138","338.855266528378","177.64896697462174","0.0059814453125","0.006591796875","0.00537109375","2584","0.00047117574899524734","36","0.00047117574899524734","0","0.00047117574899524734","0.00047117574899524734","151:0.0024477825756120397;131:0.001748044730629894","151:68;131:68","151:0.0030957692885374144;131:0.002076704422829395","0.0059814453125","Yes"
"139","178.46024666260175","187.32786783441475","0.00732421875","0.0087890625","0.005859375","2584","0.00019122122656107325","36","0.00019122122656107325","0","0.00019122122656107325","0.00019122122656107325","155:0.0015271555916207824;135:0.0012464412562805671","155:80;135:68","155:0.001790598695581097;135:0.0013811023553485513","0.00732421875","Yes"
"140","292.82525080201015","52.099255852769055","0.010009765625","0.012451171875","0.007568359375","2584","0.00030095071583836105","36","0.00030095071583836105","0","0.00030095071583836105","0.00030095071583836105","141:0.003198344914592921","141:68","141:0.002374459071839058","0.010009765625","Yes"
"141","200.7921948270153","150.19230208185428","0.0081787109375","0.0068359375","0.009521484375","2584","0.0005825706203970639","36","0.0005825706203970639","0","0.0005825706203970639","0.0005825706203970639","140:0.003198344914592921;142:0.0019574890351678753","140:68;142:68","140:0.002374459071839058;142:0.0011791267971855146","0.0081787109375","Yes"
"142","88.87659080867931","86.92006737282024","0.0126953125","0.0224609375","0.0029296875","2584","0.0002949063804917798","36","0.0002949063804917798","0","0.0002949063804917798","0.0002949063804917798","143:0.017328085849844826;141:0.0019574890351678753","143:68;141:68","143:0.027867205272598894;141:0.0011791267971855146","0.0126953125","Yes"
"143","123.53701197449104","37.34623808731705","0.0916748046875","0.173828125","0.009521484375","2584","0.008208717958522727","36","0.008208717958522727","0","0.008208717958522727","0.008208717958522727","142:0.017328085849844826;144:0.016692556035290518;136:0.016519044564048707","142:68;144:68;136:68","142:0.027867205272598894;144:0.007207438981451708;136:0.001951346776617846","0.0916748046875","Yes"
"144","115.36443375946334","28.061763943332036","0.010009765625","0.018310546875","0.001708984375","2584","0.000476367620462959","36","0.000476367620462959","0","0.000476367620462959","0.000476367620462959","145:0.0031138895472552497;143:0.016692556035290518","145:68;143:68","145:0.005257426289901446;143:0.007207438981451708","0.010009765625","Yes"
"145","132.82155983073014","134.01306326165684","0.0279541015625","0.051025390625","0.0048828125","2584","0.00023837307828145662","36","0.00023837307828145662","0","0.00023837307828145662","0.00023837307828145662","144:0.0031138895472552497;146:0.0018541647597387911","144:68;146:68","144:0.005257426289901446;146:0.002417164880097772","0.0279541015625","Yes"
"146","169.61764367895805","67.00418337238685","0.011474609375","0.01025390625","0.01220703125","2584","0.0002269386787603792","36","0.0002269386787603792","0","0.0002269386787603792","0.0002269386787603792","145:0.0018541647597387911;147:0.0023132455139638075","145:68;147:68","145:0.002417164880097772;147:0.001796989172684088","0.011474609375","Yes"
"147","324.8488280960676","145.1386663962854","0.005126953125","0.005126953125","0.005126953125","2584","0.00013381108894432032","36","0.00013381108894432032","0","0.00013381108894432032","0.00013381108894432032","148:0.002499964163586471;137:0.0024309356705382312;146:0.0023132455139638075","148:68;137:68;146:68","148:0.0015310036652795844;137:0.0021172153904392144;146:0.001796989172684088","0.005126953125","Yes"
"148","297.3459506182359","121.7989008788225","0.00537109375","0.007568359375","0.003173828125","2584","0.0002515453778744137","36","0.0002515453778744137","0","0.0002515453778744137","0.0002515453778744137","147:0.002499964163586471;149:0.001401702766019447","147:68;149:68","147:0.0015310036652795844;149:0.0016430857167729351","0.00537109375","Yes"
"149","175.13364955195505","112.36849046420951","0.007568359375","0.00927734375","0.005859375","2584","0.00018501865353347667","36","0.00018501865353347667","0","0.00018501865353347667","0.00018501865353347667","150:0.003357667798746411;148:0.001401702766019447","150:68;148:68","150:0.0019264355861739746;148:0.0016430857167729351","0.007568359375","Yes"
"150","158.80826313793702","153.11077747247253","0.0140380859375","0.015869140625","0.01220703125","2584","0.0002584766915183559","36","0.0002584766915183559","0","0.0002584766915183559","0.0002584766915183559","149:0.003357667798746411;151:0.0035290174917322337","149:68;151:68","149:0.0019264355861739746;151:0.003689121323385225","0.0140380859375","Yes"
"151","104.24356262889985","42.70749285902932","0.0057373046875","0.009033203125","0.00244140625","2584","0.00028561678935942514","36","0.00028561678935942514","0","0.00028561678935942514","0.00028561678935942514","138:0.0024477825756120397;152:0.026614979093828872;150:0.0035290174917322337","138:68;152:68;150:68","138:0.0030957692885374144;152:0.030784592153295764;150:0.003689121323385225","0.0057373046875","Yes"
"152","321.9359907353537","232.10095514714567","0.0450439453125","0.027587890625","0.0625","2584","0.00016635159643617635","36","0.00016635159643617635","0","0.00016635159643617635","0.00016635159643617635","151:0.026614979093828872;153:0.0031405500383370477","151:68;153:68","151:0.030784592153295764;153:0.002813992314693592","0.0450439453125","Yes"
"153","219.57615035949138","230.70213819194348","0.004638671875","0.006103515625","0.003173828125","2584","0.00018989969461764025","36","0.00018989969461764025","0","0.00018989969461764025","0.00018989969461764025","152:0.0031405500383370477;154:0.002132229626872928","152:68;154:68","152:0.002813992314693592;154:0.0020610040340426627","0.004638671875","Yes"
"154","265.71830074427766","16.024535816774957","0.010986328125","0.0107421875","0.01123046875","2584","0.00044492058228630654","36","0.00044492058228630654","0","0.00044492058228630654","0.00044492058228630654","153:0.002132229626872928;155:0.001904137563995878","153:68;155:68","153:0.0020610040340426627;155:0.002796611751732153","0.010986328125","Yes"
"155","422.0995531809116","144.2421635953026","0.00732421875","0.0068359375","0.0078125","2584","0.0002354570416853898","36","0.0002354570416853898","0","0.0002354570416853898","0.0002354570416853898","139:0.0015271555916207824;154:0.001904137563995878","139:80;154:68","139:0.001790598695581097;154:0.002796611751732153","0.00732421875","Yes"